company,rank,revenues,profits,employees,sector,city,state,ceo_founder,ceo_woman,profitable,market_cap,website,ticker,assets,revenue_usd_millions,profit_usd_millions,market_cap_usd_millions,assets_usd_millions,documented_adoption_edges,documented_investment_edges,documented_ai_company
Walmart,1,$648125MM,$15511MM,2100000,Retailing,Bentonville,Arkansas,no,no,yes,$484852.8MM,https://www.stock.walmart.com,WMT,$252399MM,648125.0,15511.0,484852.8,252399.0,1,0,1
Amazon,2,$574785MM,$30425MM,1525000,Retailing,Seattle,Washington,no,no,yes,$1873675.8MM,https://www.amazon.com,AMZN,$527854MM,574785.0,30425.0,1873675.8,527854.0,0,1,1
Apple,3,$383285MM,$96995MM,161000,Technology,Cupertino,California,no,no,yes,$2647973.8MM,https://www.apple.com,AAPL,$352583MM,383285.0,96995.0,2647973.8,352583.0,0,0,0
UnitedHealth Group,4,$371622MM,$22381MM,440000,Health Care,Minnetonka,Minnesota,no,no,yes,$456080.8MM,https://www.unitedhealthgroup.com,UNH,$273720MM,371622.0,22381.0,456080.8,273720.0,0,0,0
Berkshire Hathaway,5,$364482MM,$96223MM,396500,Financials,Omaha,Nebraska,no,no,yes,$908919.7MM,https://www.berkshirehathaway.com,BRKA,$1069978MM,364482.0,96223.0,908919.7,1069978.0,0,0,0
CVS Health,6,$357776MM,$8344MM,259500,Health Care,Woonsocket,Rhode Island,no,yes,yes,$100373.9MM,https://www.cvshealth.com,CVS,$249728MM,357776.0,8344.0,100373.9,249728.0,0,0,0
Exxon Mobil,7,$344582MM,$36010MM,61500,Energy,Spring,Texas,no,no,yes,$461222.2MM,https://www.exxonmobil.com,XOM,$376317MM,344582.0,36010.0,461222.2,376317.0,0,0,0
Alphabet,8,$307394MM,$73795MM,182502,Technology,Mountain View,California,no,no,yes,$1884633MM,https://www.abc.xyz,GOOGL,$402392MM,307394.0,73795.0,1884633.0,402392.0,0,1,1
McKesson,9,$276711MM,$3560MM,48000,Health Care,Irving,Texas,no,no,yes,$70546.5MM,https://www.mckesson.com,MCK,$62320MM,276711.0,3560.0,70546.5,62320.0,0,0,0
Cencora,10,$262173.4MM,$1745.3MM,44000,Health Care,Conshohocken,Pennsylvania,no,no,yes,$48472.1MM,https://www.cencora.com,COR,$62558.7MM,262173.4,1745.3,48472.1,62558.7,0,0,0
Costco Wholesale,11,$242290MM,$6292MM,316000,Retailing,Issaquah,Washington,no,no,yes,$324924.4MM,https://www.costco.com,COST,$68994MM,242290.0,6292.0,324924.4,68994.0,0,0,0
JPMorgan Chase,12,$239425MM,$49552MM,309926,Financials,New York,New York,no,no,yes,$576938.4MM,https://www.jpmorganchase.com,JPM,$3875393MM,239425.0,49552.0,576938.4,3875393.0,0,0,0
Microsoft,13,$211915MM,$72361MM,221000,Technology,Redmond,Washington,no,no,yes,$3126133.1MM,https://www.microsoft.com,MSFT,$411976MM,211915.0,72361.0,3126133.1,411976.0,0,1,1
Cardinal Health,14,$205012MM,$261MM,47520,Health Care,Dublin,Ohio,no,no,yes,$27217.8MM,https://www.cardinalhealth.com,CAH,$43417MM,205012.0,261.0,27217.8,43417.0,0,0,0
Chevron,15,$200949MM,$21369MM,45600,Energy,San Ramon,California,no,no,yes,$292965.6MM,https://www.chevron.com,CVX,$261632MM,200949.0,21369.0,292965.6,261632.0,0,0,0
Cigna,16,$195265MM,$5164MM,71413,Health Care,Bloomfield,Connecticut,no,no,yes,$103017.9MM,https://www.thecignagroup.com,CI,$152761MM,195265.0,5164.0,103017.9,152761.0,0,0,0
Ford Motor,17,$176191MM,$4347MM,177000,Motor Vehicles & Parts,Dearborn,Michigan,no,no,yes,$53017.8MM,https://www.ford.com,F,$273310MM,176191.0,4347.0,53017.8,273310.0,0,0,0
Bank of America,18,$171912MM,$26515MM,212985,Financials,Charlotte,North Carolina,no,no,yes,$299213MM,https://www.bankofamerica.com,BAC,$3180151MM,171912.0,26515.0,299213.0,3180151.0,0,0,0
General Motors,19,$171842MM,$10127MM,163000,Motor Vehicles & Parts,Detroit,Michigan,no,yes,yes,$52353.5MM,https://www.gm.com,GM,$273064MM,171842.0,10127.0,52353.5,273064.0,0,0,0
Elevance Health,20,$171340MM,$5987MM,104900,Health Care,Indianapolis,Indiana,no,yes,yes,$120619.6MM,https://www.elevancehealth.com,ELV,$108928MM,171340.0,5987.0,120619.6,108928.0,0,0,0
Citigroup,21,$156820MM,$9228MM,237925,Financials,New York,New York,no,yes,yes,$121122.2MM,https://www.citigroup.com,C,$2411834MM,156820.0,9228.0,121122.2,2411834.0,0,0,0
Centene,22,$153999MM,$2702MM,67700,Health Care,St. Louis,Missouri,no,yes,yes,$41979.4MM,https://www.centene.com,CNC,$84641MM,153999.0,2702.0,41979.4,84641.0,0,0,0
Home Depot,23,$152669MM,$15143MM,463100,Retailing,Atlanta,Georgia,no,no,yes,$380153.7MM,https://www.homedepot.com,HD,$76530MM,152669.0,15143.0,380153.7,76530.0,0,0,0
Marathon Petroleum,24,$150307MM,$9681MM,18200,Energy,Findlay,Ohio,no,no,yes,$72607.7MM,https://www.marathonpetroleum.com,MPC,$85987MM,150307.0,9681.0,72607.7,85987.0,0,0,0
Kroger,25,$150039MM,$2164MM,414000,Food & Drug Stores,Cincinnati,Ohio,no,no,yes,$41100.7MM,https://www.thekrogerco.com,KR,$50505MM,150039.0,2164.0,41100.7,50505.0,1,0,1
Phillips 66,26,$149890MM,$7015MM,14000,Energy,Houston,Texas,no,no,yes,$69880.8MM,https://www.phillips66.com,PSX,$75501MM,149890.0,7015.0,69880.8,75501.0,0,0,0
Fannie Mae,27,$141240MM,$17408MM,8100,Financials,Washington,District Of Columbia,no,yes,yes,$1818.2MM,https://www.fanniemae.com,FNMA,$4325437MM,141240.0,17408.0,1818.2,4325437.0,0,0,0
Walgreens Boots Alliance,28,$139081MM,$-3080MM,268500,Food & Drug Stores,Deerfield,Illinois,no,no,no,$18712.3MM,https://www.walgreensbootsalliance.com,WBA,$96628MM,139081.0,-3080.0,18712.3,96628.0,0,0,0
Valero Energy,29,$139001MM,$8835MM,9897,Energy,San Antonio,Texas,no,no,yes,$56234.5MM,https://www.valero.com,VLO,$63056MM,139001.0,8835.0,56234.5,63056.0,0,0,0
Meta Platforms,30,$134902MM,$39098MM,67317,Technology,Menlo Park,California,yes,no,yes,$1237940.1MM,https://investor.fb.com,META,$229623MM,134902.0,39098.0,1237940.1,229623.0,0,0,0
Verizon Communications,31,$133974MM,$11614MM,105400,Telecommunications,New York,New York,no,no,yes,$176651.6MM,https://www.verizon.com,VZ,$380255MM,133974.0,11614.0,176651.6,380255.0,0,0,0
AT&T,32,$122428MM,$14400MM,150470,Telecommunications,Dallas,Texas,no,no,yes,$125889.1MM,https://www.att.com,T,$407060MM,122428.0,14400.0,125889.1,407060.0,0,0,0
Comcast,33,$121572MM,$15388MM,186000,Telecommunications,Philadelphia,Pennsylvania,no,no,yes,$172180MM,https://www.comcastcorporation.com,CMCSA,$264811MM,121572.0,15388.0,172180.0,264811.0,0,0,0
Wells Fargo,34,$115340MM,$19142MM,226000,Financials,San Francisco,California,no,no,yes,$205201.8MM,https://www.wellsfargo.com,WFC,$1932468MM,115340.0,19142.0,205201.8,1932468.0,1,0,1
Goldman Sachs Group,35,$108418MM,$8516MM,45300,Financials,New York,New York,no,no,yes,$135551.7MM,https://www.goldmansachs.com,GS,$1641594MM,108418.0,8516.0,135551.7,1641594.0,0,0,0
Freddie Mac,36,$108050MM,$10538MM,8020,Financials,McLean,Virginia,no,no,yes,$877.6MM,https://www.freddiemac.com,FMCC,$3280976MM,108050.0,10538.0,877.6,3280976.0,0,0,0
Target,37,$107412MM,$4138MM,415000,Retailing,Minneapolis,Minnesota,no,no,yes,$81816.1MM,https://www.target.com,TGT,$55356MM,107412.0,4138.0,81816.1,55356.0,1,0,1
Humana,38,$106374MM,$2489MM,67600,Health Care,Louisville,Kentucky,no,no,yes,$41796.7MM,https://www.humana.com,HUM,$47065MM,106374.0,2489.0,41796.7,47065.0,0,0,0
State Farm Insurance,39,$104198.6MM,$-6272.3MM,65054,Financials,Bloomington,Illinois,no,no,no,$NAMM,https://www.statefarm.com,,$339484.7MM,104198.6,-6272.3,,339484.7,0,0,0
Tesla,40,$96773MM,$14997MM,140473,Motor Vehicles & Parts,Austin,Texas,yes,no,yes,$559854.3MM,https://www.tesla.com,TSLA,$106618MM,96773.0,14997.0,559854.3,106618.0,0,0,0
Morgan Stanley,41,$96194MM,$9087MM,80006,Financials,New York,New York,no,no,yes,$153976.9MM,https://www.morganstanley.com,MS,$1193693MM,96194.0,9087.0,153976.9,1193693.0,1,0,1
Johnson & Johnson,42,$95195MM,$35153MM,131900,Health Care,New Brunswick,New Jersey,no,no,yes,$381203.6MM,https://www.jnj.com,JNJ,$167558MM,95195.0,35153.0,381203.6,167558.0,0,0,0
Archer Daniels Midland,43,$93935MM,$3483MM,41008,"Food, Beverages & Tobacco",Chicago,Illinois,no,no,yes,$32023.6MM,https://www.adm.com,ADM,$54631MM,93935.0,3483.0,32023.6,54631.0,0,0,0
PepsiCo,44,$91471MM,$9074MM,318000,"Food, Beverages & Tobacco",Purchase,New York,no,no,yes,$240552.8MM,https://www.pepsico.com,PEP,$100495MM,91471.0,9074.0,240552.8,100495.0,1,0,1
United Parcel Service,45,$90958MM,$6708MM,382550,Transportation,Atlanta,Georgia,no,yes,yes,$126828.9MM,https://www.ups.com,UPS,$70857MM,90958.0,6708.0,126828.9,70857.0,0,0,0
FedEx,46,$90155MM,$3972MM,446400,Transportation,Memphis,Tennessee,no,no,yes,$71299.4MM,https://www.fedex.com,FDX,$87143MM,90155.0,3972.0,71299.4,87143.0,0,0,0
Walt Disney,47,$88898MM,$2354MM,199125,Media,Burbank,California,no,no,yes,$224445.2MM,https://www.thewaltdisneycompany.com,DIS,$205579MM,88898.0,2354.0,224445.2,205579.0,0,0,0
Dell Technologies,48,$88425MM,$3211MM,120000,Technology,Round Rock,Texas,yes,no,yes,$81450.6MM,https://www.delltechnologies.com/,DELL,$82089MM,88425.0,3211.0,81450.6,82089.0,0,0,0
Lowe's,49,$86377MM,$7726MM,226000,Retailing,Mooresville,North Carolina,no,no,yes,$145752.5MM,https://www.lowes.com,LOW,$41795MM,86377.0,7726.0,145752.5,41795.0,1,0,1
Procter & Gamble,50,$82006MM,$14653MM,107000,Household Products,Cincinnati,Ohio,no,no,yes,$381777.7MM,https://www.pginvestor.com,PG,$120829MM,82006.0,14653.0,381777.7,120829.0,1,0,1
Energy Transfer,51,$78586MM,$3935MM,13786,Energy,Dallas,Texas,no,no,yes,$52974.8MM,https://www.energytransfer.com,ET,$113698MM,78586.0,3935.0,52974.8,113698.0,0,0,0
Boeing,52,$77794MM,$-2222MM,171000,Aerospace & Defense,Arlington,Virginia,no,no,no,$117750MM,https://www.boeing.com,BA,$137012MM,77794.0,-2222.0,117750.0,137012.0,0,0,0
Albertsons,53,$77649.7MM,$1513.5MM,198650,Food & Drug Stores,Boise,Idaho,no,no,yes,$12350.3MM,https://www.albertsonscompanies.com,ACI,$26168.2MM,77649.7,1513.5,12350.3,26168.2,0,0,0
Sysco,54,$76324.7MM,$1770.1MM,71750,Wholesalers,Houston,Texas,no,no,yes,$40413.8MM,https://www.sysco.com,SYY,$22821.1MM,76324.7,1770.1,40413.8,22821.1,0,0,0
RTX,55,$68920MM,$3195MM,185000,Aerospace & Defense,Arlington,Virginia,no,no,yes,$129680.3MM,https://www.rtx.com,RTX,$161869MM,68920.0,3195.0,129680.3,161869.0,0,0,0
General Electric,56,$67954MM,$9481MM,125000,Industrials,Boston,Massachusetts,no,no,yes,$191901.2MM,https://www.ge.com,GE,$163045MM,67954.0,9481.0,191901.2,163045.0,0,0,0
Lockheed Martin,57,$67571MM,$6920MM,122000,Aerospace & Defense,Bethesda,Maryland,no,no,yes,$109394.2MM,https://www.lockheedmartin.com,LMT,$52456MM,67571.0,6920.0,109394.2,52456.0,0,0,0
American Express,58,$67364MM,$8374MM,74600,Financials,New York,New York,no,no,yes,$163945.6MM,https://www.americanexpress.com,AXP,$261108MM,67364.0,8374.0,163945.6,261108.0,0,0,0
Caterpillar,59,$67060MM,$10335MM,113200,Industrials,Irving,Texas,no,no,yes,$182986.8MM,https://www.caterpillar.com,CAT,$87476MM,67060.0,10335.0,182986.8,87476.0,0,0,0
MetLife,60,$66905MM,$1578MM,45000,Financials,New York,New York,no,no,yes,$53583MM,https://www.metlife.com,MET,$687584MM,66905.0,1578.0,53583.0,687584.0,0,0,0
HCA Healthcare,61,$64968MM,$5242MM,265000,Health Care,Nashville,Tennessee,no,no,yes,$88213.8MM,https://www.hcahealthcare.com,HCA,$56211MM,64968.0,5242.0,88213.8,56211.0,1,0,1
Progressive,62,$62108.5MM,$3902.4MM,61432,Financials,Mayfield Village,Ohio,no,yes,yes,$121134.1MM,https://www.progressive.com,PGR,$88690.8MM,62108.5,3902.4,121134.1,88690.8,0,0,0
IBM,63,$61860MM,$7502MM,296600,Technology,Armonk,New York,no,no,yes,$175061.6MM,https://www.ibm.com,IBM,$135241MM,61860.0,7502.0,175061.6,135241.0,0,0,0
Deere,64,$61251MM,$10166MM,82956,Industrials,Moline,Illinois,no,no,yes,$114332.9MM,https://www.deere.com,DE,$104087MM,61251.0,10166.0,114332.9,104087.0,0,0,0
Nvidia,65,$60922MM,$29760MM,29600,Technology,Santa Clara,California,yes,no,yes,$2258900MM,https://www.nvidia.com,NVDA,$65728MM,60922.0,29760.0,2258900.0,65728.0,0,0,0
StoneX Group,66,$60856.1MM,$238.5MM,4137,Financials,New York,New York,no,no,yes,$2216.7MM,https://www.stonex.com,SNEX,$21938.7MM,60856.1,238.5,2216.7,21938.7,0,0,0
Merck,67,$60115MM,$365MM,71000,Health Care,Rahway,New Jersey,no,no,yes,$334182.4MM,https://www.merck.com,MRK,$106675MM,60115.0,365.0,334182.4,106675.0,0,0,0
ConocoPhillips,68,$58574MM,$10957MM,9900,Energy,Houston,Texas,no,no,yes,$149733.3MM,https://www.conocophillips.com,COP,$95924MM,58574.0,10957.0,149733.3,95924.0,0,0,0
Pfizer,69,$58496MM,$2119MM,88000,Health Care,New York,New York,no,no,yes,$157135.5MM,https://www.pfizer.com,PFE,$226501MM,58496.0,2119.0,157135.5,226501.0,0,0,0
Delta Air Lines,70,$58048MM,$4609MM,103000,Transportation,Atlanta,Georgia,no,no,yes,$30795.9MM,https://www.delta.com,DAL,$73644MM,58048.0,4609.0,30795.9,73644.0,0,0,0
TD Synnex,71,$57555.4MM,$626.9MM,28000,Wholesalers,Fremont,California,no,no,yes,$9856.6MM,https://www.tdsynnex.com,SNX,$29412.8MM,57555.4,626.9,9856.6,29412.8,0,0,0
Publix Super Markets,72,$57534MM,$4349MM,253000,Food & Drug Stores,Lakeland,Florida,no,no,yes,$NAMM,https://www.publix.com,PFE,$34384MM,57534.0,4349.0,,34384.0,0,0,0
Allstate,73,$57094MM,$-188MM,53200,Financials,Northbrook,Illinois,no,no,no,$45513.3MM,https://www.allstate.com,ALL,$103362MM,57094.0,-188.0,45513.3,103362.0,0,0,0
Cisco,74,$56998MM,$12613MM,84900,Technology,San Jose,California,no,no,yes,$202094.9MM,https://www.cisco.com,CSCO,$101852MM,56998.0,12613.0,202094.9,101852.0,1,0,1
Nationwide,75,$54609.4MM,$-45.2MM,24118,Financials,Columbus,Ohio,no,no,no,$NAMM,https://www.nationwide.com,,$290615MM,54609.4,-45.2,,290615.0,0,0,0
Charter Communications,76,$54607MM,$4557MM,101100,Telecommunications,Stamford,Connecticut,no,no,yes,$51316MM,https://www.charter.com,CHTR,$147193MM,54607.0,4557.0,51316.0,147193.0,0,0,0
AbbVie,77,$54318MM,$4863MM,50000,Health Care,North Chicago,Illinois,no,no,yes,$322434.8MM,https://www.abbvie.com,ABBV,$134711MM,54318.0,4863.0,322434.8,134711.0,0,0,0
New York Life Insurance,78,$54317.2MM,$804.6MM,15384,Financials,New York,New York,no,no,yes,$NAMM,https://www.newyorklife.com,,$408904.9MM,54317.2,804.6,,408904.9,0,0,0
Intel,79,$54228MM,$1689MM,124800,Technology,Santa Clara,California,no,no,yes,$188026MM,https://www.intel.com,INTC,$191572MM,54228.0,1689.0,188026.0,191572.0,0,0,0
TJX,80,$54217MM,$4474MM,349000,Retailing,Framingham,Massachusetts,no,no,yes,$115586MM,https://www.tjx.com,TJX,$29747MM,54217.0,4474.0,115586.0,29747.0,0,0,0
Prudential Financial,81,$53979MM,$2488MM,40366,Financials,Newark,New Jersey,no,no,yes,$42191.2MM,https://www.prudential.com,PRU,$721123MM,53979.0,2488.0,42191.2,721123.0,0,0,0
HP,82,$53718MM,$3263MM,58000,Technology,Palo Alto,California,no,no,yes,$29569.7MM,https://www.hp.com,HPQ,$37004MM,53718.0,3263.0,29569.7,37004.0,0,0,0
United Airlines Holdings,83,$53717MM,$2618MM,103300,Transportation,Chicago,Illinois,no,no,yes,$15705.9MM,https://www.united.com,UAL,$71104MM,53717.0,2618.0,15705.9,71104.0,0,0,0
Performance Food Group,84,$53354.7MM,$397.2MM,34825,Wholesalers,Richmond,Virginia,no,no,yes,$11612.9MM,https://www.pfgc.com,PFGC,$12499MM,53354.7,397.2,11612.9,12499.0,0,0,0
Tyson Foods,85,$52881MM,$-648MM,139000,"Food, Beverages & Tobacco",Springdale,Arkansas,no,no,no,$20928.3MM,https://www.tysonfoods.com,TSN,$36251MM,52881.0,-648.0,20928.3,36251.0,0,0,0
American Airlines Group,86,$52788MM,$822MM,132100,Transportation,Fort Worth,Texas,no,no,yes,$10050.5MM,https://www.aa.com,AAL,$63058MM,52788.0,822.0,10050.5,63058.0,0,0,0
Liberty Mutual Insurance Group,87,$52612MM,$213MM,45000,Financials,Boston,Massachusetts,no,no,yes,$NAMM,https://www.libertymutual.com,,$165208MM,52612.0,213.0,,165208.0,0,0,0
Nike,88,$51217MM,$5070MM,83700,Apparel,Beaverton,Oregon,no,no,yes,$142391.2MM,https://investors.nike.com,NKE,$37531MM,51217.0,5070.0,142391.2,37531.0,0,0,0
Oracle,89,$49954MM,$8503MM,164000,Technology,Austin,Texas,no,yes,yes,$345240.8MM,https://www.oracle.com,ORCL,$134384MM,49954.0,8503.0,345240.8,134384.0,0,0,0
Enterprise Products Partners,90,$49715MM,$5532MM,7500,Energy,Houston,Texas,no,no,yes,$63269.4MM,https://www.enterpriseproducts.com,EPD,$70982MM,49715.0,5532.0,63269.4,70982.0,0,0,0
Capital One Financial,91,$49484MM,$4887MM,51987,Financials,McLean,Virginia,yes,no,yes,$56891.2MM,https://www.capitalone.com,COF,$478464MM,49484.0,4887.0,56891.2,478464.0,0,0,0
Plains GP Holdings,92,$48712MM,$198MM,4200,Energy,Houston,Texas,no,no,yes,$3597.5MM,https://www.plains.com,PAGP,$28597MM,48712.0,198.0,3597.5,28597.0,0,0,0
World Kinect,93,$47710.6MM,$52.9MM,5289,Energy,Miami,Florida,no,no,yes,$1583MM,https://www.world-kinect.com,WKC,$7375.3MM,47710.6,52.9,1583.0,7375.3,0,0,0
AIG,94,$46802MM,$3643MM,25200,Financials,New York,New York,no,no,yes,$53230.1MM,https://www.aig.com,AIG,$539306MM,46802.0,3643.0,53230.1,539306.0,0,0,0
Coca-Cola,95,$45754MM,$10714MM,79100,"Food, Beverages & Tobacco",Atlanta,Georgia,no,no,yes,$263758.6MM,https://www.coca-colacompany.com,KO,$97703MM,45754.0,10714.0,263758.6,97703.0,0,0,0
TIAA,96,$45734.8MM,$-1408.9MM,16023,Financials,New York,New York,no,yes,no,$NAMM,https://www.tiaa.org,,$629369.9MM,45734.8,-1408.9,,629369.9,0,0,0
CHS,97,$45590MM,$1900.4MM,10609,"Food, Beverages & Tobacco",Inver Grove Heights,Minnesota,no,no,yes,$NAMM,https://www.chsinc.com,,$18957.4MM,45590.0,1900.4,,18957.4,0,0,0
Bristol-Myers Squibb,98,$45006MM,$8025MM,34100,Health Care,Princeton,New Jersey,no,no,yes,$109911.1MM,https://www.bms.com,BMY,$95159MM,45006.0,8025.0,109911.1,95159.0,1,0,1
Dow,99,$44622MM,$589MM,35900,Chemicals,Midland,Michigan,no,no,yes,$40740.3MM,https://www.dow.com,DOW,$57967MM,44622.0,589.0,40740.3,57967.0,0,0,0
Best Buy,100,$43452MM,$1241MM,85000,Retailing,Richfield,Minnesota,no,yes,yes,$17667.7MM,https://www.investors.bestbuy.com,BBY,$14967MM,43452.0,1241.0,17667.7,14967.0,1,0,1
Thermo Fisher Scientific,101,$42857MM,$5995MM,122000,Technology,Waltham,Massachusetts,no,no,yes,$221622.5MM,https://www.thermofisher.com,TMO,$98726MM,42857.0,5995.0,221622.5,98726.0,1,0,1
Massachusetts Mutual Life Insurance,102,$42641.4MM,$-771.6MM,11323,Financials,Springfield,Massachusetts,no,no,no,$NAMM,https://www.massmutual.com,,$397895MM,42641.4,-771.6,,397895.0,0,0,0
USAA,103,$42493.4MM,$1213.5MM,37376,Financials,San Antonio,Texas,no,no,yes,$NAMM,https://www.usaa.com,,$211637.6MM,42493.4,1213.5,,211637.6,0,0,0
General Dynamics,104,$42272MM,$3315MM,111600,Aerospace & Defense,Reston,Virginia,no,yes,yes,$77506.3MM,https://www.gd.com,GD,$54810MM,42272.0,3315.0,77506.3,54810.0,0,0,0
Travelers,105,$41364MM,$2991MM,33133,Financials,New York,New York,no,no,yes,$52731MM,https://www.travelers.com,TRV,$125978MM,41364.0,2991.0,52731.0,125978.0,0,0,0
Warner Bros. Discovery,106,$41321MM,$-3126MM,35300,Media,New York,New York,no,no,no,$21298.5MM,https://wbd.com,WBD,$122757MM,41321.0,-3126.0,21298.5,122757.0,0,0,0
U.S. Bancorp,107,$40624MM,$5429MM,75465,Financials,Minneapolis,Minnesota,no,no,yes,$69656.5MM,https://www.usbank.com,USB,$663491MM,40624.0,5429.0,69656.5,663491.0,0,0,0
Abbott Laboratories,108,$40109MM,$5723MM,114000,Health Care,Abbott Park,Illinois,no,no,yes,$197221MM,https://www.abbott.com,ABT,$73214MM,40109.0,5723.0,197221.0,73214.0,0,0,0
Northrop Grumman,109,$39290MM,$2056MM,101000,Aerospace & Defense,Falls Church,Virginia,no,yes,yes,$70908.8MM,https://www.northropgrumman.com,NOC,$46544MM,39290.0,2056.0,70908.8,46544.0,0,0,0
Northwestern Mutual,110,$38788.1MM,$711.4MM,8239,Financials,Milwaukee,Wisconsin,no,no,yes,$NAMM,https://www.northwesternmutual.com,,$358828.6MM,38788.1,711.4,,358828.6,0,0,0
Dollar General,111,$38691.6MM,$1661.3MM,185800,Retailing,Goodlettsville,Tennessee,no,no,yes,$34281.9MM,https://www.dollargeneral.com,DG,$30795.6MM,38691.6,1661.3,34281.9,30795.6,0,0,0
PBF Energy,112,$38324.8MM,$2140.5MM,3776,Energy,Parsippany,New Jersey,no,no,yes,$6860.3MM,https://www.pbfenergy.com,PBF,$14387.8MM,38324.8,2140.5,6860.3,14387.8,0,0,0
Uber Technologies,113,$37281MM,$1887MM,30400,Technology,San Francisco,California,no,no,yes,$160258.1MM,https://www.uber.com,UBER,$38699MM,37281.0,1887.0,160258.1,38699.0,0,0,0
Honeywell International,114,$36662MM,$5658MM,95000,Industrials,Charlotte,North Carolina,no,no,yes,$133860.3MM,https://www.honeywell.com,HON,$61525MM,36662.0,5658.0,133860.3,61525.0,0,0,0
Mondelez International,115,$36016MM,$4959MM,91000,"Food, Beverages & Tobacco",Chicago,Illinois,no,no,yes,$94253.4MM,https://www.mondelezinternational.com,MDLZ,$71391MM,36016.0,4959.0,94253.4,71391.0,0,0,0
Starbucks,116,$35975.6MM,$4124.5MM,381000,"Hotels, Restaurants & Leisure",Seattle,Washington,no,no,yes,$103471.8MM,https://www.starbucks.com,SBUX,$29445.5MM,35975.6,4124.5,103471.8,29445.5,0,0,0
Qualcomm,117,$35820MM,$7232MM,50000,Technology,San Diego,California,no,no,yes,$188938.8MM,https://www.qualcomm.com,QCOM,$51040MM,35820.0,7232.0,188938.8,51040.0,0,0,0
Broadcom,118,$35819MM,$14082MM,20000,Technology,Palo Alto,California,no,no,yes,$614223.1MM,https://www.broadcom.com,AVGO,$72861MM,35819.0,14082.0,614223.1,72861.0,0,0,0
US Foods Holding,119,$35597MM,$506MM,30000,Wholesalers,Rosemont,Illinois,no,no,yes,$13217.4MM,https://www.usfoods.com,USFD,$13187MM,35597.0,506.0,13217.4,13187.0,0,0,0
D.R. Horton,120,$35460.4MM,$4745.7MM,13450,Engineering & Construction,Arlington,Texas,no,no,yes,$54600.5MM,https://www.drhorton.com,DHI,$32582.4MM,35460.4,4745.7,54600.5,32582.4,0,0,0
Philip Morris International,121,$35174MM,$7813MM,82700,"Food, Beverages & Tobacco",Stamford,Connecticut,no,no,yes,$142428MM,https://www.pmi.com,PM,$65304MM,35174.0,7813.0,142428.0,65304.0,0,0,0
Paccar,122,$35127.4MM,$4600.8MM,32400,Motor Vehicles & Parts,Bellevue,Washington,no,no,yes,$64919.7MM,https://www.paccar.com,PCAR,$40823.4MM,35127.4,4600.8,64919.7,40823.4,0,0,0
Salesforce,123,$34857MM,$4136MM,72682,Technology,San Francisco,California,yes,no,yes,$292144.6MM,https://www.salesforce.com,CRM,$99823MM,34857.0,4136.0,292144.6,99823.0,1,6,1
Nucor,124,$34713.5MM,$4524.8MM,32000,Materials,Charlotte,North Carolina,no,no,yes,$47492MM,https://www.nucor.com,NUE,$35340.5MM,34713.5,4524.8,47492.0,35340.5,0,0,0
Jabil,125,$34702MM,$818MM,236000,Technology,St. Petersburg,Florida,no,no,yes,$17084.7MM,https://www.jabil.com,JBL,$19424MM,34702.0,818.0,17084.7,19424.0,0,0,0
Lennar,126,$34233.4MM,$3938.5MM,12284,Engineering & Construction,Miami,Florida,no,no,yes,$47374.8MM,https://www.lennar.com,LEN,$39234.3MM,34233.4,3938.5,47374.8,39234.3,0,0,0
Eli Lilly,127,$34124.1MM,$5240.4MM,43000,Health Care,Indianapolis,Indiana,no,no,yes,$739658MM,https://www.lilly.com,LLY,$64006.3MM,34124.1,5240.4,739658.0,64006.3,0,0,0
Molina Healthcare,128,$34072MM,$1091MM,18000,Health Care,Long Beach,California,no,no,yes,$24068MM,https://www.molinahealthcare.com,MOH,$14892MM,34072.0,1091.0,24068.0,14892.0,0,0,0
Cummins,129,$34065MM,$735MM,75500,Industrials,Columbus,Indiana,no,yes,yes,$41798.1MM,https://www.cummins.com,CMI,$32005MM,34065.0,735.0,41798.1,32005.0,0,0,0
Bank of New York Mellon,130,$33805MM,$3286MM,53400,Financials,New York,New York,no,no,yes,$43380.4MM,https://www.bnymellon.com,BK,$409953MM,33805.0,3286.0,43380.4,409953.0,1,0,1
Netflix,131,$33723.3MM,$5408MM,13000,Media,Los Gatos,California,no,no,yes,$262827.9MM,https://www.netflix.com,NFLX,$48732MM,33723.3,5408.0,262827.9,48732.0,0,0,0
Truist Financial,132,$33246MM,$-1091MM,49935,Financials,Charlotte,North Carolina,no,no,no,$52022.4MM,https://www.truist.com,TFC,$535349MM,33246.0,-1091.0,52022.4,535349.0,0,0,0
Arrow Electronics,133,$33107.1MM,$903.5MM,22100,Wholesalers,Centennial,Colorado,no,no,yes,$6988.1MM,https://www.arrow.com,ARW,$21726.2MM,33107.1,903.5,6988.1,21726.2,0,0,0
3M,134,$32681MM,$-6995MM,85000,Chemicals,St. Paul,Minnesota,no,no,no,$58695MM,https://www.3m.com,MMM,$50580MM,32681.0,-6995.0,58695.0,50580.0,0,0,0
Visa,135,$32653MM,$17273MM,28800,Business Services,San Francisco,California,no,no,yes,$560847.5MM,https://www.visa.com,V,$90499MM,32653.0,17273.0,560847.5,90499.0,0,0,0
Apollo Global Management,136,$32644MM,$5047MM,6855,Financials,New York,New York,yes,no,yes,$63889.7MM,https://www.apollo.com,APO,$313488MM,32644.0,5047.0,63889.7,313488.0,0,0,0
HF Sinclair,137,$31964.4MM,$1589.7MM,5218,Energy,Dallas,Texas,no,no,yes,$11987.6MM,https://www.hfsinclair.com,DINO,$17716.3MM,31964.4,1589.7,11987.6,17716.3,0,0,0
CBRE Group,138,$31949MM,$986MM,130000,Financials,Dallas,Texas,no,no,yes,$29725.9MM,https://www.cbre.com,CBRE,$22548MM,31949.0,986.0,29725.9,22548.0,0,0,0
PNC Financial Services Group,139,$31882MM,$5578MM,55612,Financials,Pittsburgh,Pennsylvania,no,no,yes,$64291.8MM,https://www.pnc.com,PNC,$561580MM,31882.0,5578.0,64291.8,561580.0,0,0,0
Lithia Motors,140,$31310.9MM,$1000.8MM,25051,Retailing,Medford,Oregon,no,no,yes,$8283MM,https://investors.lithiadriveway.com,LAD,$19632.5MM,31310.9,1000.8,8283.0,19632.5,0,0,0
CarMax,141,$31126.4MM,$484.8MM,30621,Retailing,Richmond,Virginia,no,no,yes,$13756.5MM,https://www.carmax.com,KMX,$26182.7MM,31126.4,484.8,13756.5,26182.7,0,0,0
Paramount Global,142,$30610MM,$-608MM,24150,Media,New York,New York,no,no,no,$8099MM,https://www.paramount.com,PARA,$53543MM,30610.0,-608.0,8099.0,53543.0,0,0,0
Dollar Tree,143,$30603.8MM,$-998.4MM,138860,Retailing,Chesapeake,Virginia,no,no,no,$29024.4MM,https://www.dollartree.com,DLTR,$22023.5MM,30603.8,-998.4,29024.4,22023.5,0,0,0
United Natural Foods,144,$30272MM,$24MM,29455,Wholesalers,Providence,Rhode Island,no,no,yes,$682.9MM,https://www.unfi.com,UNFI,$7394MM,30272.0,24.0,682.9,7394.0,0,0,0
PayPal Holdings,145,$29771MM,$4246MM,27200,Business Services,San Jose,California,no,no,yes,$71796MM,https://www.paypal.com,PYPL,$82166MM,29771.0,4246.0,71796.0,82166.0,1,0,1
Penske Automotive Group,146,$29527.4MM,$1053.2MM,28000,Retailing,Bloomfield Hills,Michigan,no,no,yes,$10861MM,https://www.penskeautomotive.com,PAG,$15671.5MM,29527.4,1053.2,10861.0,15671.5,0,0,0
Hewlett Packard Enterprise,147,$29135MM,$2025MM,62000,Technology,Spring,Texas,no,no,yes,$23049MM,https://www.hpe.com,HPE,$57153MM,29135.0,2025.0,23049.0,57153.0,0,0,0
Duke Energy,148,$28932MM,$2841MM,27037,Energy,Charlotte,North Carolina,no,yes,yes,$74607.9MM,https://www.duke-energy.com,DUK,$176893MM,28932.0,2841.0,74607.9,176893.0,0,0,0
Occidental Petroleum,149,$28918MM,$4696MM,12570,Energy,Houston,Texas,no,yes,yes,$57611.3MM,https://www.oxy.com,OXY,$74008MM,28918.0,4696.0,57611.3,74008.0,0,0,0
NRG Energy,150,$28823MM,$-202MM,18131,Energy,Houston,Texas,no,no,no,$14535.4MM,https://www.nrg.com,NRG,$26038MM,28823.0,-202.0,14535.4,26038.0,0,0,0
Amgen,151,$28190MM,$6717MM,26700,Health Care,Thousand Oaks,California,no,no,yes,$152372.5MM,https://www.amgen.com,AMGN,$97154MM,28190.0,6717.0,152372.5,97154.0,1,0,1
NextEra Energy,152,$28114MM,$7310MM,16800,Energy,Juno Beach,Florida,no,no,yes,$131170.7MM,https://www.nexteraenergy.com,NEE,$177489MM,28114.0,7310.0,131170.7,177489.0,0,0,0
Danaher,153,$27602MM,$4764MM,62000,Health Care,Washington,District Of Columbia,no,no,yes,$184928.7MM,https://www.danaher.com,DHR,$84488MM,27602.0,4764.0,184928.7,84488.0,0,0,0
Gilead Sciences,154,$27116MM,$5665MM,18000,Health Care,Foster City,California,no,no,yes,$91340.5MM,https://www.gilead.com,GILD,$62125MM,27116.0,5665.0,91340.5,62125.0,0,0,0
AutoNation,155,$26948.9MM,$1021.1MM,25300,Retailing,Fort Lauderdale,Florida,no,no,yes,$6902.1MM,https://www.autonation.com,AN,$11980MM,26948.9,1021.1,6902.1,11980.0,0,0,0
Kraft Heinz,156,$26640MM,$2855MM,36000,"Food, Beverages & Tobacco",Chicago,Illinois,no,no,yes,$44857MM,https://www.kraftheinzcompany.com,KHC,$90339MM,26640.0,2855.0,44857.0,90339.0,0,0,0
Avnet,157,$26536.9MM,$770.8MM,15800,Wholesalers,Phoenix,Arizona,no,no,yes,$4480.2MM,https://www.avnet.com,AVT,$12477.2MM,26536.9,770.8,4480.2,12477.2,0,0,0
Applied Materials,158,$26517MM,$6856MM,34000,Technology,Santa Clara,California,no,no,yes,$171356MM,https://www.appliedmaterials.com,AMAT,$30729MM,26517.0,6856.0,171356.0,30729.0,0,0,0
Southwest Airlines,159,$26091MM,$465MM,74806,Transportation,Dallas,Texas,no,no,yes,$17416.6MM,https://www.southwest.com,LUV,$36487MM,26091.0,465.0,17416.6,36487.0,0,0,0
Charles Schwab,160,$25521MM,$5067MM,33000,Financials,Westlake,Texas,no,no,yes,$131974.9MM,https://www.aboutschwab.com,SCHW,$493178MM,25521.0,5067.0,131974.9,493178.0,0,0,0
Baker Hughes,161,$25506MM,$1943MM,58000,Energy,Houston,Texas,no,no,yes,$33529.5MM,https://www.bakerhughes.com,BKR,$36945MM,25506.0,1943.0,33529.5,36945.0,0,0,0
McDonald's,162,$25493.7MM,$8468.8MM,150000,"Hotels, Restaurants & Leisure",Chicago,Illinois,no,no,yes,$203582.4MM,https://www.investor.mcdonalds.com,MCD,$56146.8MM,25493.7,8468.8,203582.4,56146.8,0,0,0
Southern Company,163,$25253MM,$3976MM,27960,Energy,Atlanta,Georgia,no,no,yes,$78269.4MM,https://www.southerncompany.com,SO,$139331MM,25253.0,3976.0,78269.4,139331.0,0,0,0
Mastercard,164,$25098MM,$11195MM,33400,Business Services,Purchase,New York,no,no,yes,$449252.6MM,https://www.mastercard.com,MA,$42448MM,25098.0,11195.0,449252.6,42448.0,0,0,0
Constellation Energy,165,$24918MM,$1623MM,13842,Energy,Baltimore,Maryland,no,no,yes,$58250.1MM,https://www.constellationenergy.com,CEG,$50758MM,24918.0,1623.0,58250.1,50758.0,0,0,0
Hartford Financial Services Group,166,$24527MM,$2504MM,18700,Financials,Hartford,Connecticut,no,no,yes,$30636.6MM,https://www.thehartford.com,HIG,$76780MM,24527.0,2504.0,30636.6,76780.0,0,0,0
PG&E,167,$24428MM,$2242MM,28010,Energy,Oakland,California,no,yes,yes,$35759.5MM,https://www.pgecorp.com,PCG,$125698MM,24428.0,2242.0,35759.5,125698.0,0,0,0
Coupang,168,$24383MM,$1360MM,78000,Retailing,Seattle,Washington,yes,no,yes,$31903.1MM,https://www.aboutcoupang.com,CPNG,$13346MM,24383.0,1360.0,31903.1,13346.0,0,0,0
EOG Resources,169,$24186MM,$7594MM,3050,Energy,Houston,Texas,no,no,yes,$73535.6MM,https://www.eogresources.com,EOG,$43857MM,24186.0,7594.0,73535.6,43857.0,0,0,0
Union Pacific,170,$24119MM,$6379MM,32973,Transportation,Omaha,Nebraska,no,no,yes,$150041MM,https://www.up.com,UNP,$67132MM,24119.0,6379.0,150041.0,67132.0,0,0,0
Rite Aid,171,$24091.9MM,$-749.9MM,47000,Food & Drug Stores,Philadelphia,Pennsylvania,no,no,no,$9MM,https://www.riteaid.com,RADCQ,$7527.4MM,24091.9,-749.9,9.0,7527.4,0,0,0
Macy's,172,$23866MM,$105MM,85581,Retailing,New York,New York,no,no,yes,$5482.7MM,https://www.macysinc.com,M,$16246MM,23866.0,105.0,5482.7,16246.0,0,0,0
Marriott International,173,$23713MM,$3083MM,148000,"Hotels, Restaurants & Leisure",Bethesda,Maryland,no,no,yes,$72730.7MM,https://www.marriott.com,MAR,$25674MM,23713.0,3083.0,72730.7,25674.0,0,0,0
Lear,174,$23466.9MM,$572.5MM,186600,Motor Vehicles & Parts,Southfield,Michigan,no,no,yes,$8263.1MM,https://www.lear.com,LEA,$14695.5MM,23466.9,572.5,8263.1,14695.5,0,0,0
Genuine Parts,175,$23090.6MM,$1316.5MM,60000,Wholesalers,Atlanta,Georgia,no,no,yes,$21600.9MM,https://www.genpt.com,GPC,$17968.5MM,23090.6,1316.5,21600.9,17968.5,0,0,0
Sherwin-Williams,176,$23051.9MM,$2388.8MM,64088,Chemicals,Cleveland,Ohio,no,yes,yes,$88255.4MM,https://www.sherwin.com,SHW,$22954.4MM,23051.9,2388.8,88255.4,22954.4,0,0,0
Halliburton,177,$23018MM,$2638MM,48000,Energy,Houston,Texas,no,no,yes,$35087.8MM,https://www.halliburton.com,HAL,$24683MM,23018.0,2638.0,35087.8,24683.0,0,0,0
Freeport-McMoRan,178,$22855MM,$1848MM,27200,Energy,Phoenix,Arizona,no,yes,yes,$67445.9MM,https://www.fcx.com,FCX,$52506MM,22855.0,1848.0,67445.9,52506.0,0,0,0
Live Nation Entertainment,179,$22749.1MM,$563.3MM,23200,Media,Beverly Hills,California,no,no,yes,$24411.5MM,https://www.livenationentertainment.com,LYV,$19074MM,22749.1,563.3,24411.5,19074.0,0,0,0
Marsh & McLennan,180,$22736MM,$3756MM,85000,Financials,New York,New York,no,no,yes,$101657.8MM,https://www.marshmclennan.com,MMC,$48030MM,22736.0,3756.0,101657.8,48030.0,0,0,0
Advanced Micro Devices,181,$22680MM,$854MM,26000,Technology,Santa Clara,California,no,yes,yes,$291697.1MM,https://www.amd.com,AMD,$67885MM,22680.0,854.0,291697.1,67885.0,0,0,0
First Citizens BancShares,182,$22466MM,$11466MM,15868,Financials,Raleigh,North Carolina,no,no,yes,$23620.4MM,https://www.firstcitizens.com,FCNCA,$213758MM,22466.0,11466.0,23620.4,213758.0,0,0,0
WESCO International,183,$22385.2MM,$765.5MM,20000,Wholesalers,Pittsburgh,Pennsylvania,no,no,yes,$8727.3MM,https://www.wesco.com,WCC,$15060.9MM,22385.2,765.5,8727.3,15060.9,0,0,0
Carrier Global,184,$22098MM,$1349MM,53000,Industrials,Palm Beach Gardens,Florida,no,no,yes,$52323MM,https://www.corporate.carrier.com,CARR,$32822MM,22098.0,1349.0,52323.0,32822.0,0,0,0
Cleveland-Cliffs,185,$21996MM,$399MM,28000,Materials,Cleveland,Ohio,no,no,yes,$11331.1MM,https://www.clevelandcliffs.com,CLF,$17537MM,21996.0,399.0,11331.1,17537.0,0,0,0
Block,186,$21915.6MM,$9.8MM,12985,Business Services,Oakland,California,yes,no,yes,$52075.3MM,https://www.block.xyz,SQ,$34069.9MM,21915.6,9.8,52075.3,34069.9,1,0,1
Exelon,187,$21727MM,$2328MM,19962,Energy,Chicago,Illinois,no,no,yes,$37560MM,https://www.exeloncorp.com,EXC,$101546MM,21727.0,2328.0,37560.0,101546.0,0,0,0
KKR,188,$21685.3MM,$3732.3MM,4490,Financials,New York,New York,no,no,yes,$89013.9MM,https://www.kkr.com,KKR,$317294.2MM,21685.3,3732.3,89013.9,317294.2,0,0,0
CDW,189,$21376MM,$1104.3MM,15100,Technology,Vernon Hills,Illinois,no,yes,yes,$34329.5MM,https://www.cdw.com,CDW,$13284.6MM,21376.0,1104.3,34329.5,13284.6,0,0,0
Booking Holdings,190,$21365MM,$4289MM,23482,Technology,Norwalk,Connecticut,no,no,yes,$123968.4MM,https://www.bookingholdings.com,BKNG,$24342MM,21365.0,4289.0,123968.4,24342.0,1,0,1
Synchrony,191,$20999MM,$2238MM,20000,Financials,Stamford,Connecticut,no,no,yes,$17543.1MM,https://www.synchrony.com,SYF,$117479MM,20999.0,2238.0,17543.1,117479.0,0,0,0
Quanta Services,192,$20882.2MM,$744.7MM,52500,Engineering & Construction,Houston,Texas,no,no,yes,$37865.6MM,https://www.quantaservices.com,PWR,$16237.2MM,20882.2,744.7,37865.6,16237.2,0,0,0
Jones Lang LaSalle,193,$20760.8MM,$225.4MM,106100,Financials,Chicago,Illinois,no,no,yes,$9255.6MM,https://www.jll.com,JLL,$16064.8MM,20760.8,225.4,9255.6,16064.8,0,0,0
Discover Financial Services,194,$20606MM,$2940MM,21100,Financials,Riverwoods,Illinois,no,no,yes,$32846.5MM,https://www.discover.com,DFS,$151522MM,20606.0,2940.0,32846.5,151522.0,0,0,0
Tenet Healthcare,195,$20548MM,$611MM,95905,Health Care,Dallas,Texas,no,no,yes,$10510.5MM,https://www.tenethealth.com,THC,$28312MM,20548.0,611.0,10510.5,28312.0,0,0,0
Altria Group,196,$20502MM,$8130MM,6400,"Food, Beverages & Tobacco",Richmond,Virginia,no,no,yes,$76922.2MM,https://www.altria.com,MO,$38570MM,20502.0,8130.0,76922.2,38570.0,0,0,0
Stryker,197,$20498MM,$3165MM,52000,Health Care,Portage,Michigan,no,no,yes,$136158.7MM,https://www.stryker.com,SYK,$39912MM,20498.0,3165.0,136158.7,39912.0,0,0,0
Kimberly-Clark,198,$20431MM,$1764MM,41000,Household Products,Irving,Texas,no,no,yes,$43579.9MM,https://www.kimberly-clark.com,KMB,$17344MM,20431.0,1764.0,43579.9,17344.0,0,0,0
Waste Management,199,$20426MM,$2304MM,48000,Business Services,Houston,Texas,no,no,yes,$85600.6MM,https://www.wm.com,WM,$32823MM,20426.0,2304.0,85600.6,32823.0,0,0,0
Cheniere Energy,200,$20394MM,$9881MM,1605,Energy,Houston,Texas,no,no,yes,$37851.2MM,https://www.cheniere.com,LNG,$43076MM,20394.0,9881.0,37851.2,43076.0,0,0,0
Ross Stores,201,$20376.9MM,$1874.5MM,108000,Retailing,Dublin,California,no,yes,yes,$49409.1MM,https://www.rossstores.com,ROST,$14300.1MM,20376.9,1874.5,49409.1,14300.1,0,0,0
WestRock,202,$20310MM,$-1649MM,56100,Materials,Atlanta,Georgia,no,no,no,$12707MM,https://www.westrock.com,,$27443.7MM,20310.0,-1649.0,12707.0,27443.7,0,0,0
General Mills,203,$20094.2MM,$2593.9MM,34000,"Food, Beverages & Tobacco",Minneapolis,Minnesota,no,no,yes,$39501.5MM,https://www.generalmills.com,GIS,$31451.7MM,20094.2,2593.9,39501.5,31451.7,0,0,0
Goodyear Tire & Rubber,204,$20066MM,$-689MM,71000,Motor Vehicles & Parts,Akron,Ohio,no,no,no,$3901.3MM,https://www.goodyear.com,GT,$21582MM,20066.0,-689.0,3901.3,21582.0,0,0,0
BJ's Wholesale Club,205,$19968.7MM,$523.7MM,34000,Retailing,Marlborough,Massachusetts,no,no,yes,$10058.5MM,https://www.bjs.com,BJ,$6677.6MM,19968.7,523.7,10058.5,6677.6,0,0,0
GE HealthCare Technologies,206,$19552MM,$1568MM,51000,Health Care,Chicago,Illinois,no,no,yes,$41396.5MM,https://www.gehealthcare.com,GEHC,$32454MM,19552.0,1568.0,41396.5,32454.0,0,0,0
Colgate-Palmolive,207,$19457MM,$2300MM,34000,Household Products,New York,New York,no,no,yes,$74019.9MM,https://www.colgatepalmolive.com,CL,$16393MM,19457.0,2300.0,74019.9,16393.0,0,0,0
Whirlpool,208,$19455MM,$481MM,59000,Industrials,Benton Harbor,Michigan,no,no,yes,$6515.3MM,https://www.whirlpoolcorp.com,WHR,$17312MM,19455.0,481.0,6515.3,17312.0,0,0,0
L3Harris Technologies,209,$19419MM,$1227MM,50000,Aerospace & Defense,Melbourne,Florida,no,no,yes,$40508.1MM,https://www.l3harris.com,LHX,$41687MM,19419.0,1227.0,40508.1,41687.0,0,0,0
Adobe,210,$19409MM,$5428MM,29945,Technology,San Jose,California,no,no,yes,$226060.8MM,https://www.adobe.com,ADBE,$29779MM,19409.0,5428.0,226060.8,29779.0,0,0,0
Becton Dickinson,211,$19372MM,$1484MM,73000,Health Care,Franklin Lakes,New Jersey,no,no,yes,$71488.9MM,https://www.bd.com,BDX,$52780MM,19372.0,1484.0,71488.9,52780.0,0,0,0
Pioneer Natural Resources,212,$19362MM,$4894MM,2213,Energy,Irving,Texas,no,no,yes,$61326.1MM,https://www.pxd.com,PXD,$36613MM,19362.0,4894.0,61326.1,36613.0,0,0,0
Cognizant Technology Solutions,213,$19353MM,$2126MM,347700,Technology,Teaneck,New Jersey,no,no,yes,$36486.8MM,https://www.cognizant.com,CTSH,$18483MM,19353.0,2126.0,36486.8,18483.0,0,0,0
Murphy USA,214,$19238.2MM,$556.8MM,10750,Retailing,El Dorado,Arkansas,no,no,yes,$8726.5MM,https://www.murphyusa.com,MUSA,$4340.1MM,19238.2,556.8,8726.5,4340.1,0,0,0
Fiserv,215,$19093MM,$3068MM,42000,Business Services,Milwaukee,Wisconsin,no,no,yes,$94358.1MM,https://www.fiserv.com,FI,$90890MM,19093.0,3068.0,94358.1,90890.0,0,0,0
Parker-Hannifin,216,$19065.2MM,$2082.9MM,62730,Industrials,Cleveland,Ohio,no,yes,yes,$71369.5MM,https://www.phstock.com,PH,$29964.5MM,19065.2,2082.9,71369.5,29964.5,0,0,0
American Electric Power,217,$18982.3MM,$2208.1MM,17250,Energy,Columbus,Ohio,no,no,yes,$45339.4MM,https://www.aep.com,AEP,$96684MM,18982.3,2208.1,45339.4,96684.0,0,0,0
International Paper,218,$18916MM,$288MM,39000,Materials,Memphis,Tennessee,no,no,yes,$13514.7MM,https://www.internationalpaper.com,IP,$23261MM,18916.0,288.0,13514.7,23261.0,0,0,0
ManpowerGroup,219,$18914.5MM,$88.8MM,27900,Business Services,Milwaukee,Wisconsin,no,no,yes,$3756.3MM,https://www.manpowergroup.com,MAN,$8830.2MM,18914.5,88.8,3756.3,8830.2,0,0,0
Aramark,220,$18853.9MM,$674.1MM,262550,Business Services,Philadelphia,Pennsylvania,no,no,yes,$8535MM,https://www.aramark.com,ARMK,$16871.2MM,18853.9,674.1,8535.0,16871.2,0,0,0
Steel Dynamics,221,$18795.3MM,$2450.9MM,12600,Materials,Fort Wayne,Indiana,yes,no,yes,$23412.5MM,https://www.steeldynamics.com,STLD,$14908.4MM,18795.3,2450.9,23412.5,14908.4,0,0,0
Aflac,222,$18701MM,$4659MM,12785,Financials,Columbus,Georgia,no,no,yes,$49404.5MM,https://www.aflac.com,AFL,$126724MM,18701.0,4659.0,49404.5,126724.0,0,0,0
Reinsurance Group of America,223,$18567MM,$902MM,3900,Financials,Chesterfield,Missouri,no,no,yes,$12683.2MM,https://www.rgare.com,RGA,$97623MM,18567.0,902.0,12683.2,97623.0,0,0,0
Emerson Electric,224,$18370MM,$13219MM,67000,Industrials,St. Louis,Missouri,no,no,yes,$64842.2MM,https://www.emerson.com,EMR,$42746MM,18370.0,13219.0,64842.2,42746.0,0,0,0
State Street,225,$18366MM,$1944MM,46451,Financials,Boston,Massachusetts,no,no,yes,$23346.3MM,https://www.statestreet.com,STT,$297258MM,18366.0,1944.0,23346.3,297258.0,0,0,0
PPG Industries,226,$18246MM,$1270MM,53000,Chemicals,Pittsburgh,Pennsylvania,no,no,yes,$34103.8MM,https://www.ppg.com,PPG,$21647MM,18246.0,1270.0,34103.8,21647.0,0,0,0
United States Steel,227,$18053MM,$895MM,21803,Materials,Pittsburgh,Pennsylvania,no,no,yes,$9168MM,https://www.ussteel.com,X,$20451MM,18053.0,895.0,9168.0,20451.0,0,0,0
Automatic Data Processing,228,$18012.2MM,$3412MM,63000,Business Services,Roseland,New Jersey,no,yes,yes,$102590.8MM,https://www.adp.com,ADP,$50971MM,18012.2,3412.0,102590.8,50971.0,0,0,0
Group 1 Automotive,229,$17873.7MM,$601.6MM,16011,Retailing,Houston,Texas,no,no,yes,$3999.4MM,https://www.group1auto.com,GPI,$7774.1MM,17873.7,601.6,3999.4,7774.1,0,0,0
Dominion Energy,230,$17867MM,$1994MM,17700,Energy,Richmond,Virginia,no,no,yes,$41201.2MM,https://www.dominionenergy.com,D,$109032MM,17867.0,1994.0,41201.2,109032.0,0,0,0
BlackRock,231,$17859MM,$5502MM,19800,Financials,New York,New York,yes,no,yes,$124173.4MM,https://www.blackrock.com,BLK,$123211MM,17859.0,5502.0,124173.4,123211.0,0,0,0
Oneok,232,$17677MM,$2659MM,4775,Energy,Tulsa,Oklahoma,no,no,yes,$46751.9MM,https://www.oneok.com,OKE,$44266MM,17677.0,2659.0,46751.9,44266.0,0,0,0
C.H. Robinson Worldwide,233,$17596.4MM,$325.1MM,15246,Transportation,Eden Prairie,Minnesota,no,no,yes,$8907.9MM,https://www.chrobinson.com,CHRW,$5225.3MM,17596.4,325.1,8907.9,5225.3,0,0,0
Texas Instruments,234,$17519MM,$6510MM,34000,Technology,Dallas,Texas,no,no,yes,$158540.8MM,https://www.ti.com,TXN,$32348MM,17519.0,6510.0,158540.8,32348.0,0,0,0
Kohl's,235,$17476MM,$317MM,66000,Retailing,Menomonee Falls,Wisconsin,no,no,yes,$3232.9MM,https://www.kohls.com,KSS,$14009MM,17476.0,317.0,3232.9,14009.0,0,0,0
AutoZone,236,$17457.2MM,$2528.4MM,95200,Retailing,Memphis,Tennessee,no,no,yes,$54532.7MM,https://www.autozone.com,AZO,$15985.9MM,17457.2,2528.4,54532.7,15985.9,0,0,0
Lam Research,237,$17428.5MM,$4510.9MM,17200,Technology,Fremont,California,no,no,yes,$127375.7MM,https://www.lamresearch.com,LRCX,$18781.6MM,17428.5,4510.9,127375.7,18781.6,0,0,0
Corteva,238,$17226MM,$735MM,22500,"Food, Beverages & Tobacco",Indianapolis,Indiana,no,no,yes,$40304.4MM,https://www.corteva.com,CTVA,$42996MM,17226.0,735.0,40304.4,42996.0,0,0,0
Peter Kiewit Sons',239,$17118MM,$1176MM,31100,Engineering & Construction,Omaha,Nebraska,no,no,yes,$NAMM,https://www.kiewit.com,,$9724MM,17118.0,1176.0,,9724.0,0,0,0
Builders FirstSource,240,$17097.3MM,$1540.6MM,29000,Materials,Irving,Texas,no,no,yes,$25430.6MM,https://www.bldr.com,BLDR,$10499.5MM,17097.3,1540.6,25430.6,10499.5,0,0,0
Kyndryl Holdings,241,$17026MM,$-1374MM,90000,Technology,New York,New York,no,no,no,$5007MM,https://www.kyndryl.com,KD,$11464MM,17026.0,-1374.0,5007.0,11464.0,0,0,0
EchoStar,242,$17015.6MM,$-1702.1MM,15300,Telecommunications,Englewood,Colorado,no,no,no,$3869.1MM,https://www.echostar.com,SATS,$57108.9MM,17015.6,-1702.1,3869.1,57108.9,0,0,0
American Family Insurance Group,243,$16999.9MM,$-891MM,12417,Financials,Madison,Wisconsin,no,no,no,$NAMM,https://www.amfam.com,,$38023.5MM,16999.9,-891.0,,38023.5,0,0,0
Delek US Holdings,244,$16917.4MM,$19.8MM,3591,Energy,Brentwood,Tennessee,no,no,yes,$1968MM,https://www.delekus.com,DK,$7171.8MM,16917.4,19.8,1968.0,7171.8,0,0,0
Land O'Lakes,245,$16794.9MM,$254.2MM,9000,"Food, Beverages & Tobacco",Arden Hills,Minnesota,no,yes,yes,$NAMM,https://www.landolakesinc.com,,$9464.3MM,16794.9,254.2,,9464.3,0,0,0
Sempra,246,$16720MM,$3074MM,16835,Energy,San Diego,California,no,no,yes,$45438.8MM,https://www.sempra.com,SRE,$87181MM,16720.0,3074.0,45438.8,87181.0,0,0,0
Global Partners,247,$16492.2MM,$152.5MM,4273,Wholesalers,Waltham,Massachusetts,no,no,yes,$1508.7MM,https://www.globalp.com,GLP,$3446MM,16492.2,152.5,1508.7,3446.0,0,0,0
Grainger,248,$16478MM,$1829MM,24650,Wholesalers,Lake Forest,Illinois,no,no,yes,$49983.2MM,https://www.grainger.com,GWW,$8147MM,16478.0,1829.0,49983.2,8147.0,0,0,0
Jacobs Solutions,249,$16352.4MM,$665.8MM,58550,Business Services,Dallas,Texas,no,no,yes,$19316.3MM,https://www.jacobs.com,J,$14617.1MM,16352.4,665.8,19316.3,14617.1,0,0,0
Edison International,250,$16338MM,$1197MM,14346,Energy,Rosemead,California,no,no,yes,$27208.4MM,https://www.edisoninvestor.com,EIX,$81758MM,16338.0,1197.0,27208.4,81758.0,0,0,0
MGM Resorts International,251,$16164.2MM,$1142.2MM,67000,"Hotels, Restaurants & Leisure",Las Vegas,Nevada,no,no,yes,$14966.3MM,https://www.mgmresorts.com,MGM,$42368.5MM,16164.2,1142.2,14966.3,42368.5,0,0,0
Guardian Life Ins. Co. of America,252,$16137MM,$375MM,7561,Financials,New York,New York,no,no,yes,$NAMM,https://www.guardianlife.com,,$96202MM,16137.0,375.0,,96202.0,0,0,0
Illinois Tool Works,253,$16107MM,$2957MM,45000,Industrials,Glenview,Illinois,no,no,yes,$80162.3MM,https://www.itw.com,ITW,$15518MM,16107.0,2957.0,80162.3,15518.0,0,0,0
Ameriprise Financial,254,$16096MM,$2556MM,13800,Financials,Minneapolis,Minnesota,no,no,yes,$43927.7MM,https://www.ameriprise.com,AMP,$175191MM,16096.0,2556.0,43927.7,175191.0,0,0,0
PulteGroup,255,$16061.6MM,$2602.4MM,6382,Engineering & Construction,Atlanta,Georgia,no,no,yes,$25449.4MM,https://www.pultegroupinc.com,PHM,$16087.1MM,16061.6,2602.4,25449.4,16087.1,0,0,0
Targa Resources,256,$16060.3MM,$1345.9MM,3182,Energy,Houston,Texas,no,no,yes,$24921.7MM,https://www.targaresources.com,TRGP,$20671.8MM,16060.3,1345.9,24921.7,20671.8,0,0,0
Ally Financial,257,$15971MM,$1020MM,11100,Financials,Detroit,Michigan,no,no,yes,$12337.7MM,https://www.ally.com,ALLY,$196392MM,15971.0,1020.0,12337.7,196392.0,0,0,0
BorgWarner,258,$15921MM,$625MM,39900,Motor Vehicles & Parts,Auburn Hills,Michigan,no,no,yes,$8023.4MM,https://www.borgwarner.com,BWA,$14453MM,15921.0,625.0,8023.4,14453.0,0,0,0
Estée Lauder,259,$15910MM,$1006MM,53010,Household Products,New York,New York,no,no,yes,$55258.7MM,https://www.elcompanies.com,EL,$23415MM,15910.0,1006.0,55258.7,23415.0,0,0,0
Loews,260,$15901MM,$1434MM,12280,Financials,New York,New York,no,no,yes,$17396.1MM,https://www.loews.com,L,$79197MM,15901.0,1434.0,17396.1,79197.0,0,0,0
O'Reilly Automotive,261,$15812.3MM,$2346.6MM,82958,Retailing,Springfield,Missouri,no,no,yes,$66634.4MM,https://www.oreillyauto.com,ORLY,$13873MM,15812.3,2346.6,66634.4,13873.0,0,0,0
Markel Group,262,$15803.6MM,$1996.1MM,21600,Financials,Glen Allen,Virginia,no,no,yes,$19946.7MM,https://www.mklgroup.com,MKL,$55045.7MM,15803.6,1996.1,19946.7,55045.7,0,0,0
Stanley Black & Decker,263,$15781.1MM,$-310.5MM,50500,Household Products,New Britain,Connecticut,no,no,no,$15062MM,https://www.stanleyblackanddecker.com,SWK,$23663.8MM,15781.1,-310.5,15062.0,23663.8,0,0,0
Micron Technology,264,$15540MM,$-5833MM,43000,Technology,Boise,Idaho,no,no,no,$130547.6MM,https://www.micron.com,MU,$64254MM,15540.0,-5833.0,130547.6,64254.0,0,0,0
Fluor,265,$15474MM,$139MM,30187,Engineering & Construction,Irving,Texas,no,no,yes,$7192.3MM,https://www.fluor.com,FLR,$6973MM,15474.0,139.0,7192.3,6973.0,0,0,0
Leidos Holdings,266,$15438MM,$199MM,47000,Technology,Reston,Virginia,no,no,yes,$17700.6MM,https://www.leidos.com,LDOS,$12695MM,15438.0,199.0,17700.6,12695.0,0,0,0
Viatris,267,$15426.9MM,$54.7MM,38000,Health Care,Canonsburg,Pennsylvania,no,no,yes,$14179.6MM,https://www.viatris.com,VTRS,$47685.5MM,15426.9,54.7,14179.6,47685.5,0,0,0
Kinder Morgan,268,$15334MM,$2391MM,10891,Energy,Houston,Texas,no,yes,yes,$40703.3MM,https://www.kindermorgan.com,KMI,$71020MM,15334.0,2391.0,40703.3,71020.0,0,0,0
Ecolab,269,$15320.2MM,$1372.3MM,48000,Chemicals,St. Paul,Minnesota,no,no,yes,$66017.1MM,https://www.ecolab.com,ECL,$21846.6MM,15320.2,1372.3,66017.1,21846.6,0,0,0
Baxter International,270,$15282MM,$2656MM,60000,Health Care,Deerfield,Illinois,no,no,yes,$21704.5MM,https://www.baxter.com,BAX,$28276MM,15282.0,2656.0,21704.5,28276.0,0,0,0
Devon Energy,271,$15258MM,$3747MM,1900,Energy,Oklahoma City,Oklahoma,no,no,yes,$31864.3MM,https://www.devonenergy.com,DVN,$24490MM,15258.0,3747.0,31864.3,24490.0,0,0,0
Kellanova,272,$15207MM,$951MM,23000,"Food, Beverages & Tobacco",Chicago,Illinois,no,no,yes,$19579.4MM,https://www.kellanova.com,K,$15621MM,15207.0,951.0,19579.4,15621.0,0,0,0
Farmers Insurance Exchange,273,$15194.4MM,$-652.9MM,9685,Financials,Woodland Hills,California,no,no,no,$NAMM,https://www.farmers.com,,$23677.7MM,15194.4,-652.9,,23677.7,0,0,0
Casey's General Stores,274,$15094.5MM,$446.7MM,31637,Retailing,Ankeny,Iowa,no,no,yes,$11788.1MM,https://www.caseys.com,CASY,$5943.3MM,15094.5,446.7,11788.1,5943.3,0,0,0
IQVIA Holdings,275,$14984MM,$1358MM,87000,Health Care,Durham,North Carolina,no,no,yes,$46029.4MM,https://www.iqvia.com,IQV,$26681MM,14984.0,1358.0,46029.4,26681.0,0,0,0
Republic Services,276,$14964.5MM,$1731MM,41000,Business Services,Phoenix,Arizona,no,no,yes,$60229MM,https://www.republicservices.com,RSG,$31410.1MM,14964.5,1731.0,60229.0,31410.1,0,0,0
Fox,277,$14913MM,$1239MM,10400,Media,New York,New York,no,no,yes,$14225.1MM,https://www.foxcorporation.com,FOXA,$21866MM,14913.0,1239.0,14225.1,21866.0,0,0,0
Gap,278,$14889MM,$502MM,85000,Retailing,San Francisco,California,no,no,yes,$10290.3MM,https://www.gapinc.com,GPS,$11044MM,14889.0,502.0,10290.3,11044.0,0,0,0
Keurig Dr Pepper,279,$14814MM,$2181MM,28100,"Food, Beverages & Tobacco",Burlington,Massachusetts,no,no,yes,$42557.4MM,https://keurig.com,KDP,$52130MM,14814.0,2181.0,42557.4,52130.0,0,0,0
Reliance,280,$14805.9MM,$1335.9MM,15250,Materials,Scottsdale,Arizona,no,yes,yes,$19190.4MM,https://reliance.com,RS,$10480.3MM,14805.9,1335.9,19190.4,10480.3,0,0,0
Asbury Automotive Group,281,$14802.7MM,$602.5MM,15000,Retailing,Duluth,Georgia,no,no,yes,$4810.9MM,https://www.asburyauto.com,ABG,$10159.4MM,14802.7,602.5,4810.9,10159.4,0,0,0
Pacific Life,282,$14802MM,$875MM,4181,Financials,Newport Beach,California,no,no,yes,$NAMM,https://www.pacificlife.com,,$217386MM,14802.0,875.0,,217386.0,0,0,0
Vistra,283,$14779MM,$1493MM,4870,Energy,Irving,Texas,no,no,yes,$24230.2MM,https://www.vistracorp.com,VST,$32966MM,14779.0,1493.0,24230.2,32966.0,0,0,0
Western & Southern Financial Group,284,$14775.1MM,$484.8MM,2669,Financials,Cincinnati,Ohio,no,no,yes,$NAMM,https://www.westernsouthern.com,,$75968.9MM,14775.1,484.8,,75968.9,0,0,0
Andersons,285,$14750.1MM,$101.2MM,2297,"Food, Beverages & Tobacco",Maumee,Ohio,no,no,yes,$1953.4MM,https://www.andersonsinc.com,ANDE,$3855MM,14750.1,101.2,1953.4,3855.0,0,0,0
Nordstrom,286,$14693MM,$134MM,54000,Retailing,Seattle,Washington,no,no,yes,$3309.2MM,https://www.nordstrom.com,JWN,$8444MM,14693.0,134.0,3309.2,8444.0,0,0,0
Omnicom Group,287,$14692.2MM,$1391.4MM,75900,Business Services,New York,New York,no,no,yes,$19081.1MM,https://www.omnicomgroup.com,OMC,$28044.6MM,14692.2,1391.4,19081.1,28044.6,0,0,0
Fidelity National Information Services,288,$14680MM,$-6654MM,60000,Business Services,Jacksonville,Florida,no,yes,no,$42762.2MM,https://www.fisglobal.com,FIS,$55105MM,14680.0,-6654.0,42762.2,55105.0,0,0,0
Consolidated Edison,289,$14663MM,$2519MM,14592,Energy,New York,New York,no,no,yes,$31375.8MM,https://www.conedison.com,ED,$66331MM,14663.0,2519.0,31375.8,66331.0,0,0,0
CSX,290,$14657MM,$3715MM,23232,Transportation,Jacksonville,Florida,no,no,yes,$72568MM,https://www.csx.com,CSX,$42408MM,14657.0,3715.0,72568.0,42408.0,0,0,0
AECOM,291,$14591.3MM,$55.3MM,52000,Engineering & Construction,Dallas,Texas,no,no,yes,$13341.2MM,https://www.aecom.com,ACM,$11233.4MM,14591.3,55.3,13341.2,11233.4,0,0,0
Lumen Technologies,292,$14557MM,$-10298MM,28000,Telecommunications,Monroe,Louisiana,no,yes,no,$1585MM,https://www.lumen.com,LUMN,$34018MM,14557.0,-10298.0,1585.0,34018.0,1,0,1
Tractor Supply,293,$14555.7MM,$1107.2MM,37500,Retailing,Brentwood,Tennessee,no,no,yes,$28248MM,https://www.tractorsupply.com,TSCO,$9188.2MM,14555.7,1107.2,28248.0,9188.2,0,0,0
DXC Technology,294,$14430MM,$-568MM,130000,Technology,Ashburn,Virginia,no,no,no,$3878.7MM,https://www.dxc.technology,DXC,$15845MM,14430.0,-568.0,3878.7,15845.0,0,0,0
AGCO,295,$14412.4MM,$1171.4MM,27900,Industrials,Duluth,Georgia,no,no,yes,$9179.5MM,https://www.agcocorp.com,AGCO,$11421.2MM,14412.4,1171.4,9179.5,11421.2,0,0,0
Sonic Automotive,296,$14372.4MM,$178.2MM,10500,Retailing,Charlotte,North Carolina,no,no,yes,$1941.7MM,https://www.sonicautomotive.com,SAH,$5364.6MM,14372.4,178.2,1941.7,5364.6,0,0,0
Intuit,297,$14368MM,$2384MM,22900,Technology,Mountain View,California,no,no,yes,$181986.4MM,https://www.intuit.com,INTU,$27780MM,14368.0,2384.0,181986.4,27780.0,2,0,1
United Rentals,298,$14332MM,$2424MM,26300,Business Services,Stamford,Connecticut,no,no,yes,$48437.2MM,https://www.unitedrentals.com,URI,$25589MM,14332.0,2424.0,48437.2,25589.0,0,0,0
Universal Health Services,299,$14282MM,$717.8MM,85025,Health Care,King of Prussia,Pennsylvania,no,no,yes,$12265.2MM,https://www.uhs.com,UHS,$13967.6MM,14282.0,717.8,12265.2,13967.6,0,0,0
Boston Scientific,300,$14240MM,$1592MM,48000,Health Care,Marlborough,Massachusetts,no,no,yes,$100673.1MM,https://www.bostonscientific.com,BSX,$35136MM,14240.0,1592.0,100673.1,35136.0,0,0,0
Otis Worldwide,301,$14209MM,$1406MM,71000,Industrials,Farmington,Connecticut,no,yes,yes,$40249.5MM,https://www.otis.com,OTIS,$10117MM,14209.0,1406.0,40249.5,10117.0,0,0,0
Xcel Energy,302,$14206MM,$1771MM,11311,Energy,Minneapolis,Minnesota,no,no,yes,$29839.6MM,https://www.xcelenergy.com,XEL,$64079MM,14206.0,1771.0,29839.6,64079.0,0,0,0
Edward Jones,303,$14080MM,$1612MM,54000,Financials,Des Peres,Missouri,no,yes,yes,$NAMM,https://www.edwardjones.com,,$28003MM,14080.0,1612.0,,28003.0,0,0,0
Ball,304,$14029MM,$707MM,21000,Materials,Westminster,Colorado,no,no,yes,$21206.3MM,https://www.ball.com,BALL,$19303MM,14029.0,707.0,21206.3,19303.0,0,0,0
LKQ,305,$13866MM,$936MM,49000,Wholesalers,Chicago,Illinois,no,no,yes,$14248.5MM,https://www.lkqcorp.com,LKQ,$15079MM,13866.0,936.0,14248.5,15079.0,0,0,0
Mutual of Omaha,306,$13855.8MM,$47.7MM,6231,Financials,Omaha,Nebraska,no,no,yes,$NAMM,https://www.mutualofomaha.com,,$51838.6MM,13855.8,47.7,,51838.6,0,0,0
Mosaic,307,$13696.1MM,$1164.9MM,14049,Chemicals,Tampa,Florida,no,no,yes,$10442MM,https://www.mosaicco.com,MOS,$23032.8MM,13696.1,1164.9,10442.0,23032.8,0,0,0
Textron,308,$13683MM,$921MM,35000,Aerospace & Defense,Providence,Rhode Island,no,no,yes,$18500.5MM,https://www.textron.com,TXT,$16856MM,13683.0,921.0,18500.5,16856.0,0,0,0
Labcorp Holdings,309,$13668.2MM,$418MM,61975,Health Care,Burlington,North Carolina,no,no,yes,$18372.5MM,https://www.labcorp.com,LH,$16725.1MM,13668.2,418.0,18372.5,16725.1,0,0,0
Principal Financial,310,$13665.8MM,$623.2MM,19800,Financials,Des Moines,Iowa,no,no,yes,$20357.8MM,https://www.principal.com,PFG,$305046.7MM,13665.8,623.2,20357.8,305046.7,0,0,0
Regeneron Pharmaceuticals,311,$13117.2MM,$3953.6MM,13450,Health Care,Tarrytown,New York,yes,no,yes,$105644.7MM,https://www.regeneron.com,REGN,$33080.2MM,13117.2,3953.6,105644.7,33080.2,0,0,0
Raymond James Financial,312,$12992MM,$1739MM,18000,Financials,St. Petersburg,Florida,no,no,yes,$26843.3MM,https://www.raymondjames.com,RJF,$78360MM,12992.0,1739.0,26843.3,78360.0,0,0,0
Dick's Sporting Goods,313,$12984.4MM,$1046.5MM,37200,Retailing,Coraopolis,Pennsylvania,no,yes,yes,$18539.3MM,https://www.dickssportinggoods.com,DKS,$9311.8MM,12984.4,1046.5,18539.3,9311.8,0,0,0
Auto-Owners Insurance,314,$12937.7MM,$-912.4MM,6946,Financials,Lansing,Michigan,no,no,no,$NAMM,https://www.auto-owners.com,,$36238.2MM,12937.7,-912.4,,36238.2,0,0,0
Expedia Group,315,$12839MM,$797MM,17100,Retailing,Seattle,Washington,no,yes,yes,$18773.7MM,https://www.expediagroup.com,EXPE,$21642MM,12839.0,797.0,18773.7,21642.0,0,0,0
J.B. Hunt Transport Services,316,$12829.7MM,$728.3MM,34718,Transportation,Lowell,Arkansas,no,no,yes,$20582.2MM,https://www.jbhunt.com,JBHT,$8538.3MM,12829.7,728.3,20582.2,8538.3,0,0,0
M&T Bank,317,$12752MM,$2741MM,21980,Financials,Buffalo,New York,no,no,yes,$24233.4MM,https://www.mtb.com,MTB,$208264MM,12752.0,2741.0,24233.4,208264.0,0,0,0
DTE Energy,318,$12745MM,$1397MM,9950,Energy,Detroit,Michigan,no,no,yes,$23204.6MM,https://www.dteenergy.com,DTE,$44755MM,12745.0,1397.0,23204.6,44755.0,0,0,0
AES,319,$12668MM,$249MM,9600,Energy,Arlington,Virginia,no,no,yes,$12744.8MM,https://www.aes.com,AES,$44799MM,12668.0,249.0,12744.8,44799.0,1,0,1
Berry Global Group,320,$12664MM,$609MM,44000,Materials,Evansville,Indiana,no,no,yes,$7009.6MM,https://www.berryglobal.com,BERY,$16587MM,12664.0,609.0,7009.6,16587.0,0,0,0
Fifth Third Bancorp,321,$12641MM,$2349MM,18724,Financials,Cincinnati,Ohio,no,no,yes,$25434.9MM,https://www.53.com,FITB,$214574MM,12641.0,2349.0,25434.9,214574.0,0,0,0
Air Products & Chemicals,322,$12600MM,$2300.2MM,21850,Chemicals,Allentown,Pennsylvania,no,no,yes,$53856.9MM,https://www.airproducts.com,APD,$32002.5MM,12600.0,2300.2,53856.9,32002.5,0,0,0
Corning,323,$12588MM,$581MM,49800,Industrials,Corning,New York,no,no,yes,$28192.4MM,https://www.corning.com,GLW,$28500MM,12588.0,581.0,28192.4,28500.0,0,0,0
EMCOR Group,324,$12582.9MM,$633MM,38300,Engineering & Construction,Norwalk,Connecticut,no,no,yes,$16482.1MM,https://www.emcorgroup.com,EME,$6609.7MM,12582.9,633.0,16482.1,6609.7,0,0,0
Amphenol,325,$12554.7MM,$1928MM,95000,Technology,Wallingford,Connecticut,no,no,yes,$69193.3MM,https://www.amphenol.com,APH,$16526.4MM,12554.7,1928.0,69193.3,16526.4,0,0,0
Westlake,326,$12548MM,$479MM,15520,Chemicals,Houston,Texas,no,no,yes,$19636.5MM,https://www.westlake.com,WLK,$21035MM,12548.0,479.0,19636.5,21035.0,0,0,0
DuPont,327,$12528MM,$423MM,24000,Chemicals,Wilmington,Delaware,no,no,yes,$32016.1MM,https://www.dupont.com,DD,$38552MM,12528.0,423.0,32016.1,38552.0,0,0,0
Liberty Media,328,$12525MM,$761MM,6486,Media,Englewood,Colorado,no,no,yes,$9699.7MM,https://www.libertymedia.com,LSXMA,$41168MM,12525.0,761.0,9699.7,41168.0,0,0,0
S&P Global,329,$12497MM,$2626MM,40450,Business Services,New York,New York,no,no,yes,$136253.3MM,https://www.spglobal.com,SPGI,$60589MM,12497.0,2626.0,136253.3,60589.0,0,0,0
Community Health Systems,330,$12490MM,$-133MM,54500,Health Care,Franklin,Tennessee,no,no,no,$486.4MM,https://www.chs.net,CYH,$14455MM,12490.0,-133.0,486.4,14455.0,0,0,0
FirstEnergy,331,$12450MM,$1102MM,12042,Energy,Akron,Ohio,no,no,yes,$22226.4MM,https://www.firstenergycorp.com,FE,$48767MM,12450.0,1102.0,22226.4,48767.0,0,0,0
Unum Group,332,$12385.9MM,$1283.8MM,10683,Financials,Chattanooga,Tennessee,no,no,yes,$10298.6MM,https://www.unum.com,UNM,$63255.2MM,12385.9,1283.8,10298.6,63255.2,0,0,0
Henry Schein,333,$12339MM,$416MM,25000,Health Care,Melville,New York,no,no,yes,$9704.8MM,https://www.henryschein.com,HSIC,$10573MM,12339.0,416.0,9704.8,10573.0,0,0,0
Western Digital,334,$12318MM,$-1706MM,53000,Technology,San Jose,California,no,no,no,$22278.8MM,https://www.westerndigital.com,WDC,$24429MM,12318.0,-1706.0,22278.8,24429.0,0,0,0
Analog Devices,335,$12305.5MM,$3314.6MM,26000,Technology,Wilmington,Massachusetts,no,no,yes,$98085.7MM,https://www.analog.com,ADI,$48794.5MM,12305.5,3314.6,98085.7,48794.5,0,0,0
Conagra Brands,336,$12277MM,$683.6MM,18600,"Food, Beverages & Tobacco",Chicago,Illinois,no,no,yes,$14168.1MM,https://www.conagrabrands.com,CAG,$22052.6MM,12277.0,683.6,14168.1,22052.6,0,0,0
Citizens Financial Group,337,$12187MM,$1608MM,17570,Financials,Providence,Rhode Island,no,no,yes,$16635.3MM,https://www.citizensbank.com,CFG,$221964MM,12187.0,1608.0,16635.3,221964.0,0,0,0
Norfolk Southern,338,$12156MM,$1827MM,20700,Transportation,Atlanta,Georgia,no,no,yes,$57570.4MM,https://www.norfolksouthern.com,NSC,$41652MM,12156.0,1827.0,57570.4,41652.0,0,0,0
Entergy,339,$12147.4MM,$2356.5MM,12177,Energy,New Orleans,Louisiana,no,no,yes,$22535.5MM,https://www.entergy.com,ETR,$59703.4MM,12147.4,2356.5,22535.5,59703.4,0,0,0
W.R. Berkley,340,$12142.9MM,$1381.4MM,8329,Financials,Greenwich,Connecticut,no,no,yes,$22689.2MM,https://www.berkley.com,WRB,$37202MM,12142.9,1381.4,22689.2,37202.0,0,0,0
DaVita,341,$12140.1MM,$691.5MM,70000,Health Care,Denver,Colorado,no,no,yes,$12107MM,https://www.davita.com,DVA,$16893.6MM,12140.1,691.5,12107.0,16893.6,0,0,0
Northern Trust,342,$12116.5MM,$1107.3MM,23100,Financials,Chicago,Illinois,no,no,yes,$18141.4MM,https://www.northerntrust.com,NTRS,$150783.1MM,12116.5,1107.3,18141.4,150783.1,0,0,0
Hormel Foods,343,$12110MM,$793.6MM,20000,"Food, Beverages & Tobacco",Austin,Minnesota,no,no,yes,$19108.8MM,https://www.hormelfoods.com,HRL,$13448.8MM,12110.0,793.6,19108.8,13448.8,0,0,0
Crown Holdings,344,$12010MM,$450MM,25000,Materials,Tampa,Florida,no,no,yes,$9574.2MM,https://www.crowncork.com,CCK,$15034MM,12010.0,450.0,9574.2,15034.0,0,0,0
Avis Budget Group,345,$12008MM,$1632MM,21250,Retailing,Parsippany,New Jersey,no,no,yes,$4344MM,https://www.avisbudgetgroup.com,CAR,$32569MM,12008.0,1632.0,4344.0,32569.0,0,0,0
Wayfair,346,$12003MM,$-738MM,12800,Retailing,Boston,Massachusetts,yes,no,no,$8174.7MM,https://www.wayfair.com,W,$3474MM,12003.0,-738.0,8174.7,3474.0,1,0,1
MasTec,347,$11995.9MM,$-49.9MM,34000,Engineering & Construction,Coral Gables,Florida,no,no,no,$7393MM,https://www.mastec.com,MTZ,$9373.5MM,11995.9,-49.9,7393.0,9373.5,0,0,0
Eversource Energy,348,$11910.7MM,$-442.2MM,10171,Energy,Springfield,Massachusetts,no,no,no,$20962.9MM,https://www.eversource.com,ES,$55612.2MM,11910.7,-442.2,20962.9,55612.2,0,0,0
Newmont,349,$11812MM,$-2494MM,21700,Energy,Denver,Colorado,no,no,no,$41315.9MM,https://www.newmont.com,NEM,$55506MM,11812.0,-2494.0,41315.9,55506.0,0,0,0
Ryder System,350,$11783MM,$406MM,47500,Transportation,Coral Gables,Florida,no,no,yes,$5320.5MM,https://www.ryder.com,R,$15778MM,11783.0,406.0,5320.5,15778.0,0,0,0
Fidelity National Financial,351,$11752MM,$517MM,22293,Financials,Jacksonville,Florida,no,no,yes,$14507.3MM,https://www.fnf.com,FNF,$80614MM,11752.0,517.0,14507.3,80614.0,0,0,0
Molson Coors Beverage,352,$11702.1MM,$948.9MM,16500,"Food, Beverages & Tobacco",Chicago,Illinois,no,no,yes,$14297.8MM,https://www.molsoncoors.com,TAP,$26375.1MM,11702.1,948.9,14297.8,26375.1,0,0,0
Caesars Entertainment,353,$11673MM,$786MM,51000,"Hotels, Restaurants & Leisure",Reno,Nevada,no,no,yes,$9461MM,https://www.caesars.com,CZR,$33366MM,11673.0,786.0,9461.0,33366.0,0,0,0
Lincoln National,354,$11645MM,$-752MM,11024,Financials,Radnor,Pennsylvania,no,yes,no,$5417.5MM,https://lincolnfinancial.com/,LNC,$372413MM,11645.0,-752.0,5417.5,372413.0,0,0,0
VF,355,$11612.5MM,$118.6MM,26400,Apparel,Denver,Colorado,no,no,yes,$5964.4MM,https://www.vfc.com,VFC,$13990.5MM,11612.5,118.6,5964.4,13990.5,0,0,0
International Flavors & Fragrances,356,$11479MM,$-2567MM,21500,Chemicals,New York,New York,no,no,no,$21954.9MM,https://www.iff.com,IFF,$30978MM,11479.0,-2567.0,21954.9,30978.0,0,0,0
Huntington Ingalls Industries,357,$11454MM,$681MM,44000,Aerospace & Defense,Newport News,Virginia,no,no,yes,$11544.7MM,https://www.hii.com,HII,$11215MM,11454.0,681.0,11544.7,11215.0,0,0,0
Advance Auto Parts,358,$11287.6MM,$29.7MM,54500,Retailing,Raleigh,North Carolina,no,no,yes,$5072.2MM,https://www.advanceautoparts.com,AAP,$12276.3MM,11287.6,29.7,5072.2,12276.3,0,0,0
Public Service Enterprise Group,359,$11237MM,$2563MM,12543,Energy,Newark,New Jersey,no,no,yes,$33295.6MM,https://www.pseg.com,PEG,$50741MM,11237.0,2563.0,33295.6,50741.0,0,0,0
Ulta Beauty,360,$11207.3MM,$1291MM,38000,Retailing,Bolingbrook,Illinois,no,no,yes,$25238.8MM,https://www.ulta.com,ULTA,$5707MM,11207.3,1291.0,25238.8,5707.0,0,0,0
Hershey,361,$11165MM,$1861.8MM,19578,"Food, Beverages & Tobacco",Hershey,Pennsylvania,no,yes,yes,$39719.1MM,https://www.thehersheycompany.com,HSY,$11902.9MM,11165.0,1861.8,39719.1,11902.9,0,0,0
Chewy,362,$11147.7MM,$39.6MM,18100,Retailing,Plantation,Florida,no,no,yes,$6919.5MM,https://www.chewy.com,CHWY,$3186.9MM,11147.7,39.6,6919.5,3186.9,0,0,0
American Tower,363,$11144.2MM,$1483.3MM,5643,Financials,Boston,Massachusetts,no,no,yes,$92146.5MM,https://www.americantower.com,AMT,$66027.6MM,11144.2,1483.3,92146.5,66027.6,0,0,0
Mohawk Industries,364,$11135.1MM,$-439.5MM,43300,Household Products,Calhoun,Georgia,no,no,no,$8337.2MM,https://www.mohawkind.com,MHK,$13559.9MM,11135.1,-439.5,8337.2,13559.9,0,0,0
Assurant,365,$11131.6MM,$642.5MM,13600,Financials,Atlanta,Georgia,no,no,yes,$9784.3MM,https://www.assurant.com,AIZ,$33635.2MM,11131.6,642.5,9784.3,33635.2,0,0,0
Thor Industries,366,$11121.6MM,$374.3MM,24900,Motor Vehicles & Parts,Elkhart,Indiana,no,no,yes,$6257.1MM,https://www.thorindustries.com,THO,$7260.8MM,11121.6,374.3,6257.1,7260.8,0,0,0
Graybar Electric,367,$11042.4MM,$463.4MM,9500,Wholesalers,St. Louis,Missouri,no,yes,yes,$NAMM,https://www.graybar.com,,$4006.1MM,11042.4,463.4,,4006.1,0,0,0
Yum China Holdings,368,$10978MM,$827MM,293500,"Hotels, Restaurants & Leisure",Plano,Texas,no,yes,yes,$15598.8MM,https://ir.yumchina.com,YUMC,$12031MM,10978.0,827.0,15598.8,12031.0,0,0,0
Celanese,369,$10940MM,$1960MM,12410,Chemicals,Irving,Texas,no,yes,yes,$19173.3MM,https://www.celanese.com,CE,$26597MM,10940.0,1960.0,19173.3,26597.0,0,0,0
Qurate Retail,370,$10915MM,$-145MM,20386,Retailing,Englewood,Colorado,no,no,no,$510.9MM,https://www.qurateretail.com,QRTEA,$11368MM,10915.0,-145.0,510.9,11368.0,0,0,0
Williams,371,$10907MM,$3179MM,5601,Energy,Tulsa,Oklahoma,no,no,yes,$47482MM,https://www.williams.com,WMB,$52627MM,10907.0,3179.0,47482.0,52627.0,0,0,0
Interpublic Group,372,$10889.3MM,$1098.4MM,57400,Business Services,New York,New York,no,no,yes,$12357.8MM,https://www.interpublic.com,IPG,$19267.3MM,10889.3,1098.4,12357.8,19267.3,0,0,0
Ovintiv,373,$10883MM,$2085MM,1743,Energy,Denver,Colorado,no,no,yes,$13958.7MM,https://www.ovintiv.com,OVV,$19987MM,10883.0,2085.0,13958.7,19987.0,0,0,0
Icahn Enterprises,374,$10847MM,$-684MM,15038,Financials,Sunny Isles Beach,Florida,no,no,no,$7297.9MM,https://www.ielp.com,IEP,$20858MM,10847.0,-684.0,7297.9,20858.0,0,0,0
Huntington Bancshares,375,$10837MM,$1951MM,19955,Financials,Columbus,Ohio,no,no,yes,$20308.6MM,https://www.huntington.com,HBAN,$189368MM,10837.0,1951.0,20308.6,189368.0,0,0,0
Erie Insurance Group,376,$10812.5MM,$-526.6MM,6510,Financials,Erie,Pennsylvania,no,no,no,$NAMM,https://www.erieinsurance.com,,$27515.2MM,10812.5,-526.6,,27515.2,0,0,0
Carvana,377,$10771MM,$450MM,13700,Retailing,Tempe,Arizona,yes,no,yes,$16943.7MM,https://www.carvana.com,CVNA,$7071MM,10771.0,450.0,16943.7,7071.0,0,0,0
Hess,378,$10645MM,$1382MM,1756,Energy,New York,New York,no,no,yes,$46883.7MM,https://www.hess.com,HES,$24007MM,10645.0,1382.0,46883.7,24007.0,0,0,0
Dana,379,$10555MM,$38MM,41800,Motor Vehicles & Parts,Maumee,Ohio,no,no,yes,$1840.9MM,https://www.dana.com,DAN,$7965MM,10555.0,38.0,1840.9,7965.0,0,0,0
Alcoa,380,$10551MM,$-651MM,13600,Materials,Pittsburgh,Pennsylvania,no,no,no,$6067.3MM,https://www.alcoa.com,AA,$14155MM,10551.0,-651.0,6067.3,14155.0,0,0,0
Equitable Holdings,381,$10528MM,$1302MM,10700,Financials,New York,New York,no,no,yes,$12532.3MM,https://www.equitableholdings.com,EQH,$276814MM,10528.0,1302.0,12532.3,276814.0,0,0,0
KLA,382,$10496.1MM,$3387.3MM,15105,Technology,Milpitas,California,no,no,yes,$94470.2MM,https://www.kla.com,KLAC,$14072.4MM,10496.1,3387.3,94470.2,14072.4,0,0,0
Darden Restaurants,383,$10487.8MM,$981.9MM,187384,"Hotels, Restaurants & Leisure",Orlando,Florida,no,no,yes,$19959.5MM,https://www.darden.com,DRI,$10241.5MM,10487.8,981.9,19959.5,10241.5,0,0,0
Autoliv,384,$10475MM,$488MM,66434,Motor Vehicles & Parts,Auburn Hills,Michigan,no,no,yes,$9809.7MM,https://www.autoliv.com,ALV,$8332MM,10475.0,488.0,9809.7,8332.0,0,0,0
Alaska Air Group,385,$10426MM,$235MM,24610,Transportation,Seattle,Washington,no,no,yes,$5408.1MM,https://www.alaskaair.com,ALK,$14613MM,10426.0,235.0,5408.1,14613.0,0,0,0
KeyCorp,386,$10397MM,$967MM,17692,Financials,Cleveland,Ohio,no,no,yes,$14663.3MM,https://www.key.com,KEY,$188281MM,10397.0,967.0,14663.3,188281.0,0,0,0
Las Vegas Sands,387,$10372MM,$1221MM,38550,"Hotels, Restaurants & Leisure",Las Vegas,Nevada,no,no,yes,$38840.4MM,https://www.sands.com,LVS,$21778MM,10372.0,1221.0,38840.4,21778.0,0,0,0
Owens & Minor,388,$10334MM,$-41.3MM,22200,Health Care,Mechanicsville,Virginia,no,no,no,$2122.5MM,https://www.owens-minor.com,OMI,$5093.3MM,10334.0,-41.3,2122.5,5093.3,0,0,0
Hilton Worldwide Holdings,389,$10235MM,$1141MM,178000,"Hotels, Restaurants & Leisure",McLean,Virginia,no,no,yes,$53788.4MM,https://www.hilton.com,HLT,$15401MM,10235.0,1141.0,53788.4,15401.0,0,0,0
Ebay,390,$10112MM,$2767MM,12300,Technology,San Jose,California,no,no,yes,$27340MM,https://www.ebay.com,EBAY,$21620MM,10112.0,2767.0,27340.0,21620.0,0,0,0
Arthur J. Gallagher,391,$10071.9MM,$969.5MM,52118,Financials,Rolling Meadows,Illinois,no,no,yes,$54584.4MM,https://www.ajg.com,AJG,$51615.8MM,10071.9,969.5,54584.4,51615.8,0,0,0
LPL Financial Holdings,392,$10052.8MM,$1066.3MM,7372,Financials,San Diego,California,no,no,yes,$19735.9MM,https://www.lpl.com,LPLA,$10385.5MM,10052.8,1066.3,19735.9,10385.5,0,0,0
Cincinnati Financial,393,$10013.4MM,$1843.3MM,5426,Financials,Fairfield,Ohio,no,no,yes,$19456.1MM,https://www.cinfin.com,CINF,$32769.5MM,10013.4,1843.3,19456.1,32769.5,0,0,0
Toll Brothers,394,$9994.9MM,$1372.1MM,4800,Engineering & Construction,Fort Washington,Pennsylvania,no,no,yes,$13476.5MM,https://www.tollbrothers.com,TOL,$12527MM,9994.9,1372.1,13476.5,12527.0,0,0,0
Motorola Solutions,395,$9978MM,$1709MM,21000,Technology,Chicago,Illinois,no,no,yes,$59141.7MM,https://www.motorolasolutions.com,MSI,$13336MM,9978.0,1709.0,59141.7,13336.0,0,0,0
Airbnb,396,$9917MM,$4792MM,6907,Technology,San Francisco,California,yes,no,yes,$106739.8MM,https://www.airbnb.com,ABNB,$20645MM,9917.0,4792.0,106739.8,20645.0,0,0,0
Intercontinental Exchange,397,$9903MM,$2368MM,13222,Financials,Atlanta,Georgia,yes,no,yes,$78694.7MM,https://www.ice.com,ICE,$136084MM,9903.0,2368.0,78694.7,136084.0,0,0,0
News Corp.,398,$9879MM,$149MM,25000,Media,New York,New York,no,no,yes,$15120.1MM,https://www.newscorp.com,NWSA,$16921MM,9879.0,149.0,15120.1,16921.0,0,0,0
Chipotle Mexican Grill,399,$9871.6MM,$1228.7MM,116068,"Hotels, Restaurants & Leisure",Newport Beach,California,no,no,yes,$79707MM,https://www.chipotle.com,CMG,$8044.4MM,9871.6,1228.7,79707.0,8044.4,0,0,0
Vertex Pharmaceuticals,400,$9869.2MM,$3619.6MM,5400,Health Care,Boston,Massachusetts,no,yes,yes,$107975.3MM,https://www.vrtx.com,VRTX,$22730.2MM,9869.2,3619.6,107975.3,22730.2,0,0,0
Biogen,401,$9835.6MM,$1161.1MM,7570,Health Care,Cambridge,Massachusetts,no,no,yes,$31344.1MM,https://www.biogen.com,BIIB,$26844.8MM,9835.6,1161.1,31344.1,26844.8,0,0,0
GXO Logistics,402,$9778MM,$229MM,109000,Transportation,Greenwich,Connecticut,no,no,yes,$6411.5MM,https://www.gxo.com,GXO,$9507MM,9778.0,229.0,6411.5,9507.0,0,0,0
SpartanNash,403,$9729.2MM,$52.2MM,13500,Wholesalers,Grand Rapids,Michigan,no,no,yes,$699.6MM,https://www.spartannash.com,SPTN,$2355.6MM,9729.2,52.2,699.6,2355.6,0,0,0
Burlington Stores,404,$9727.5MM,$339.6MM,44050,Retailing,Burlington,New Jersey,no,no,yes,$14841.4MM,https://www.burlingtoninvestors.com,BURL,$7706.8MM,9727.5,339.6,14841.4,7706.8,0,0,0
Thrivent Financial for Lutherans,405,$9720.3MM,$347.2MM,3810,Financials,Minneapolis,Minnesota,no,yes,yes,$NAMM,https://www.thrivent.com,,$115628.7MM,9720.3,347.2,,115628.7,0,0,0
NVR,406,$9687.3MM,$1591.6MM,6300,Engineering & Construction,Reston,Virginia,no,no,yes,$25904.2MM,https://www.nvrinc.com,NVR,$6601.8MM,9687.3,1591.6,25904.2,6601.8,0,0,0
Owens Corning,407,$9677MM,$1196MM,18000,Materials,Toledo,Ohio,no,no,yes,$14510.2MM,https://www.owenscorning.com,OC,$11237MM,9677.0,1196.0,14510.2,11237.0,0,0,0
Westinghouse Air Brake Technologies,408,$9677MM,$815MM,29000,Industrials,Pittsburgh,Pennsylvania,no,no,yes,$25789.6MM,https://www.wabteccorp.com,WAB,$18988MM,9677.0,815.0,25789.6,18988.0,0,0,0
Oshkosh,409,$9657.9MM,$598MM,17300,Industrials,Oshkosh,Wisconsin,no,no,yes,$8178.1MM,https://www.oshkoshcorp.com,OSK,$9129.2MM,9657.9,598.0,8178.1,9129.2,0,0,0
Global Payments,410,$9654.4MM,$986.2MM,27000,Business Services,Atlanta,Georgia,no,no,yes,$34094.6MM,https://www.globalpaymentsinc.com,GPN,$50570.2MM,9654.4,986.2,34094.6,50570.2,0,0,0
Lululemon athletica,411,$9619.3MM,$1550.2MM,38000,Retailing,Sumner,Washington,no,no,yes,$49225.1MM,https://www.lululemon.com,LULU,$7091.9MM,9619.3,1550.2,49225.1,7091.9,0,0,0
Albemarle,412,$9617.2MM,$1573.5MM,9000,Chemicals,Charlotte,North Carolina,no,no,yes,$15482.7MM,https://www.albemarle.com,ALB,$18270.7MM,9617.2,1573.5,15482.7,18270.7,0,0,0
JetBlue Airways,413,$9615MM,$-310MM,21310,Transportation,Long Island City,New York,no,yes,no,$2523.8MM,https://www.jetblue.com,JBLU,$13853MM,9615.0,-310.0,2523.8,13853.0,0,0,0
Seaboard,414,$9562MM,$226MM,12847,"Food, Beverages & Tobacco",Merriam,Kansas,no,no,yes,$3130.6MM,https://www.seaboardcorp.com,SEB,$7566MM,9562.0,226.0,3130.6,7566.0,0,0,0
Constellation Brands,415,$9452.6MM,$-71MM,9400,"Food, Beverages & Tobacco",Victor,New York,no,no,no,$49683.2MM,https://www.cbrands.com,STZ,$24662.3MM,9452.6,-71.0,49683.2,24662.3,0,0,0
Graphic Packaging Holding,416,$9428MM,$723MM,23500,Materials,Atlanta,Georgia,no,no,yes,$8930.6MM,https://www.graphicpkg.com,GPK,$11175MM,9428.0,723.0,8930.6,11175.0,0,0,0
Hertz Global Holdings,417,$9371MM,$616MM,27000,Retailing,Estero,Florida,no,no,yes,$2390.5MM,https://www.hertz.com,HTZ,$24605MM,9371.0,616.0,2390.5,24605.0,0,0,0
FM Global,418,$9359MM,$3748.5MM,5667,Financials,Johnston,Rhode Island,no,no,yes,$NAMM,https://www.fmglobal.com,,$34479MM,9359.0,3748.5,,34479.0,0,0,0
Campbell Soup,419,$9357MM,$858MM,14500,"Food, Beverages & Tobacco",Camden,New Jersey,no,no,yes,$13250.7MM,https://www.campbellsoupcompany.com,CPB,$12058MM,9357.0,858.0,13250.7,12058.0,0,0,0
Expeditors Intl. of Washington,420,$9300.1MM,$752.9MM,18452,Transportation,Seattle,Washington,no,no,yes,$17248.7MM,https://www.expeditors.com,EXPD,$4523.8MM,9300.1,752.9,17248.7,4523.8,0,0,0
A-Mark Precious Metals,421,$9286.6MM,$156.4MM,421,Wholesalers,El Segundo,California,no,no,yes,$701.4MM,https://www.amark.com,AMRK,$1545.6MM,9286.6,156.4,701.4,1545.6,0,0,0
Booz Allen Hamilton Holding,422,$9258.9MM,$271.8MM,31900,Technology,McLean,Virginia,no,no,yes,$19259.5MM,https://www.boozallen.com,BAH,$6550.7MM,9258.9,271.8,19259.5,6550.7,0,0,0
Quest Diagnostics,423,$9252MM,$854MM,44000,Health Care,Secaucus,New Jersey,no,no,yes,$14782.7MM,https://www.questdiagnostics.com,DGX,$14022MM,9252.0,854.0,14782.7,14022.0,0,0,0
Altice USA,424,$9237.1MM,$53.2MM,10600,Telecommunications,Long Island City,New York,no,no,yes,$1190.5MM,https://www.alticeusa.com,ATUS,$31923.6MM,9237.1,53.2,1190.5,31923.6,0,0,0
PVH,425,$9217.7MM,$663.6MM,23000,Apparel,New York,New York,no,no,yes,$8385.6MM,https://www.pvh.com,PVH,$11172.9MM,9217.7,663.6,8385.6,11172.9,1,0,1
Eastman Chemical,426,$9210MM,$894MM,14000,Chemicals,Kingsport,Tennessee,no,no,yes,$11786.2MM,https://www.eastman.com,EMN,$14633MM,9210.0,894.0,11786.2,14633.0,0,0,0
Insight Enterprises,427,$9175.8MM,$281.3MM,14437,Technology,Chandler,Arizona,no,yes,yes,$6046.1MM,https://www.insight.com,NSIT,$6286.4MM,9175.8,281.3,6046.1,6286.4,0,0,0
Regions Financial,428,$9153MM,$2074MM,20101,Financials,Birmingham,Alabama,no,no,yes,$19332.9MM,https://www.regions.com,RF,$152194MM,9153.0,2074.0,19332.9,152194.0,0,0,0
Beacon Roofing Supply,429,$9119.8MM,$435MM,8063,Wholesalers,Herndon,Virginia,no,no,yes,$6217.6MM,https://www.becn.com,BECN,$6207.7MM,9119.8,435.0,6217.6,6207.7,0,0,0
Rockwell Automation,430,$9058MM,$1387.4MM,29000,Industrials,Milwaukee,Wisconsin,no,no,yes,$33384.1MM,https://www.rockwellautomation.com,ROK,$11304MM,9058.0,1387.4,33384.1,11304.0,0,0,0
Polaris,431,$9014.8MM,$502.8MM,18500,Transportation,Medina,Minnesota,no,no,yes,$5654.8MM,https://www.polaris.com,PII,$5516.3MM,9014.8,502.8,5654.8,5516.3,0,0,0
ServiceNow,432,$8971MM,$1731MM,22668,Technology,Santa Clara,California,no,no,yes,$156292MM,https://www.servicenow.com,NOW,$17387MM,8971.0,1731.0,156292.0,17387.0,0,0,0
Sanmina,433,$8935MM,$310MM,36000,Technology,San Jose,California,yes,no,yes,$3468.2MM,https://www.sanmina.com,SANM,$4874MM,8935.0,310.0,3468.2,4874.0,0,0,0
UGI,434,$8928MM,$-1502MM,10500,Energy,King of Prussia,Pennsylvania,no,no,no,$5142.4MM,https://www.ugicorp.com,UGI,$15401MM,8928.0,-1502.0,5142.4,15401.0,0,0,0
WEC Energy Group,435,$8893MM,$1331.7MM,7000,Energy,Milwaukee,Wisconsin,no,no,yes,$25935.2MM,https://www.wecenergygroup.com,WEC,$43939.7MM,8893.0,1331.7,25935.2,43939.7,0,0,0
BrightSpring Health Services,436,$8826.2MM,$-154.6MM,35000,Health Care,Louisville,Kentucky,no,no,no,$1860.8MM,https://www.brightspringhealth.com,BGST,$5532.7MM,8826.2,-154.6,1860.8,5532.7,0,0,0
Cintas,437,$8815.8MM,$1348MM,44500,Business Services,Cincinnati,Ohio,no,no,yes,$69695.1MM,https://www.cintas.com,CTAS,$8546.4MM,8815.8,1348.0,69695.1,8546.4,0,0,0
Commercial Metals,438,$8799.5MM,$859.8MM,13022,Materials,Irving,Texas,no,no,yes,$6800.2MM,https://www.cmc.com,CMC,$6639.1MM,8799.5,859.8,6800.2,6639.1,0,0,0
Continental Resources,439,$8731.7MM,$3095.8MM,1457,Energy,Oklahoma City,Oklahoma,no,no,yes,$NAMM,https://www.clr.com,CLR,$22387.4MM,8731.7,3095.8,,22387.4,0,0,0
Chesapeake Energy,440,$8721MM,$2419MM,1000,Energy,Oklahoma City,Oklahoma,no,no,yes,$11618.5MM,https://www.chk.com,CHK,$14376MM,8721.0,2419.0,11618.5,14376.0,0,0,0
CenterPoint Energy,441,$8696MM,$917MM,8827,Energy,Houston,Texas,no,no,yes,$18035.1MM,https://www.centerpointenergy.com,CNP,$39715MM,8696.0,917.0,18035.1,39715.0,0,0,0
NGL Energy Partners,442,$8694.9MM,$51.4MM,638,Energy,Tulsa,Oklahoma,no,no,yes,$763.3MM,https://www.nglenergypartners.com,NGL,$5456.1MM,8694.9,51.4,763.3,5456.1,0,0,0
DoorDash,443,$8635MM,$-558MM,19300,Technology,San Francisco,California,yes,no,no,$55639.5MM,https://ir.doordash.com,DASH,$10839MM,8635.0,-558.0,55639.5,10839.0,0,0,0
NOV,444,$8583MM,$993MM,33676,Energy,Houston,Texas,no,no,yes,$7690.9MM,https://www.nov.com,NOV,$11294MM,8583.0,993.0,7690.9,11294.0,0,0,0
Zoetis,445,$8544MM,$2344MM,14100,Health Care,Parsippany,New Jersey,no,yes,yes,$77475.7MM,https://www.zoetis.com,ZTS,$14286MM,8544.0,2344.0,77475.7,14286.0,0,0,0
J.M. Smucker,446,$8529.2MM,$-91.3MM,5800,"Food, Beverages & Tobacco",Orrville,Ohio,no,no,no,$13364.3MM,https://www.jmsmucker.com,SJM,$14991.4MM,8529.2,-91.3,13364.3,14991.4,0,0,0
Microchip Technology,447,$8438.7MM,$2237.7MM,22600,Technology,Chandler,Arizona,no,no,yes,$48478.2MM,https://www.microchip.com,MCHP,$16370.3MM,8438.7,2237.7,48478.2,16370.3,0,0,0
Dover,448,$8438.1MM,$1056.8MM,25000,Industrials,Downers Grove,Illinois,no,no,yes,$24341.7MM,https://www.dovercorporation.com,DOV,$11348.5MM,8438.1,1056.8,24341.7,11348.5,0,0,0
Diamondback Energy,449,$8412MM,$3143MM,1023,Energy,Midland,Texas,no,no,yes,$35362.8MM,https://www.diamondbackenergy.com,FANG,$29001MM,8412.0,3143.0,35362.8,29001.0,0,0,0
Avery Dennison,450,$8364.3MM,$503MM,35000,Materials,Mentor,Ohio,no,no,yes,$17976.2MM,https://www.averydennison.com,AVY,$8209.8MM,8364.3,503.0,17976.2,8209.8,0,0,0
PPL,451,$8312MM,$740MM,6629,Energy,Allentown,Pennsylvania,no,no,yes,$20306.2MM,https://www.pplweb.com,PPL,$39236MM,8312.0,740.0,20306.2,39236.0,0,0,0
ON Semiconductor,452,$8253MM,$2183.7MM,30050,Technology,Scottsdale,Arizona,no,no,yes,$31430MM,https://www.onsemi.com,ON,$13215.2MM,8253.0,2183.7,31430.0,13215.2,0,0,0
ARKO,453,$8238.8MM,$34.4MM,13481,Retailing,Richmond,Virginia,no,no,yes,$662.2MM,https://www.arkocorp.com,ARKO,$3650.4MM,8238.8,34.4,662.2,3650.4,0,0,0
Par Pacific Holdings,454,$8232MM,$728.6MM,1814,Energy,Houston,Texas,no,no,yes,$2199.2MM,https://www.parpacific.com,PARR,$3864MM,8232.0,728.6,2199.2,3864.0,0,0,0
APA,455,$8192MM,$2855MM,2271,Energy,Houston,Texas,no,no,yes,$10367.4MM,https://www.apacorp.com,APA,$15244MM,8192.0,2855.0,10367.4,15244.0,0,0,0
Equinix,456,$8188.1MM,$969.2MM,13151,Financials,Redwood City,California,no,no,yes,$78093.9MM,https://www.equinix.com,EQIX,$32650.7MM,8188.1,969.2,78093.9,32650.7,0,0,0
New York Community Bancorp,457,$8178MM,$-79MM,8766,Financials,Hicksville,New York,no,no,no,$2569.3MM,https://www.mynycb.com,NYCB,$114057MM,8178.0,-79.0,2569.3,114057.0,0,0,0
Foot Locker,458,$8168MM,$-330MM,30591,Retailing,New York,New York,no,yes,no,$2693.1MM,https://www.footlocker.com/corp,FL,$6868MM,8168.0,-330.0,2693.1,6868.0,0,0,0
Ingredion,459,$8160MM,$643MM,11600,"Food, Beverages & Tobacco",Westchester,Illinois,no,no,yes,$7665.9MM,https://www.ingredion.com,INGR,$7642MM,8160.0,643.0,7665.9,7642.0,0,0,0
Newell Brands,460,$8133MM,$-388MM,24600,Household Products,Atlanta,Georgia,no,no,no,$3333.7MM,https://www.newellbrands.com,NWL,$12163MM,8133.0,-388.0,3333.7,12163.0,0,0,0
ABM Industries,461,$8096.4MM,$251.3MM,123000,Business Services,New York,New York,no,no,yes,$2824.1MM,https://www.abm.com,ABM,$4933.7MM,8096.4,251.3,2824.1,4933.7,0,0,0
Securian Financial Group,462,$8067MM,$226.6MM,5565,Financials,St. Paul,Minnesota,no,no,yes,$NAMM,https://www.securian.com,,$73457.5MM,8067.0,226.6,,73457.5,0,0,0
Prologis,463,$8023.5MM,$3059.2MM,2574,Financials,San Francisco,California,yes,no,yes,$120459.8MM,https://www.prologis.com,PLD,$93020.8MM,8023.5,3059.2,120459.8,93020.8,0,0,0
Blackstone,464,$8022.8MM,$1390.9MM,4735,Financials,New York,New York,yes,no,yes,$93882.8MM,https://www.blackstone.com,BX,$40287.5MM,8022.8,1390.9,93882.8,40287.5,0,0,0
Skechers U.S.A.,465,$8000.3MM,$545.8MM,13550,Apparel,Manhattan Beach,California,yes,no,yes,$9389.7MM,https://www.skechers.com,SKX,$7547.4MM,8000.3,545.8,9389.7,7547.4,0,0,0
Masco,466,$7967MM,$908MM,18000,Household Products,Livonia,Michigan,no,no,yes,$17335.1MM,https://www.masco.com,MAS,$5363MM,7967.0,908.0,17335.1,5363.0,0,0,0
Rush Enterprises,467,$7925MM,$347.1MM,8449,Retailing,New Braunfels,Texas,no,no,yes,$4164.4MM,https://www.rushenterprises.com,RUSHB,$4364.2MM,7925.0,347.1,4164.4,4364.2,0,0,0
Franklin Resources,468,$7849.4MM,$882.8MM,9200,Financials,San Mateo,California,no,yes,yes,$14801.5MM,https://www.franklinresources.com,BEN,$30121.2MM,7849.4,882.8,14801.5,30121.2,0,0,0
ODP,469,$7831MM,$139MM,20000,Retailing,Boca Raton,Florida,no,no,yes,$1942.6MM,https://www.theodpcorp.com,ODP,$3886MM,7831.0,139.0,1942.6,3886.0,0,0,0
American Financial Group,470,$7827MM,$852MM,8500,Financials,Cincinnati,Ohio,no,no,yes,$11418.1MM,https://www.afginc.com,AFG,$29787MM,7827.0,852.0,11418.1,29787.0,0,0,0
Packaging Corp. of America,471,$7802.4MM,$765.2MM,14900,Materials,Lake Forest,Illinois,no,no,yes,$17033.7MM,https://www.packagingcorp.com,PKG,$8681.1MM,7802.4,765.2,17033.7,8681.1,0,0,0
Vulcan Materials,472,$7781.9MM,$933.2MM,10961,Materials,Birmingham,Alabama,no,no,yes,$36099.6MM,https://www.vulcanmaterials.com,VMC,$14545.7MM,7781.9,933.2,36099.6,14545.7,0,0,0
Interactive Brokers Group,473,$7776MM,$600MM,2932,Financials,Greenwich,Connecticut,no,no,yes,$47328.3MM,https://www.interactivebrokers.com,IBKR,$128423MM,7776.0,600.0,47328.3,128423.0,0,0,0
Williams-Sonoma,474,$7750.7MM,$949.8MM,15000,Retailing,San Francisco,California,no,yes,yes,$20357.6MM,https://www.williams-sonomainc.com,WSM,$5273.5MM,7750.7,949.8,20357.6,5273.5,0,0,0
XPO,475,$7744MM,$189MM,39450,Transportation,Greenwich,Connecticut,no,no,yes,$14169.3MM,https://www.xpo.com,XPO,$7492MM,7744.0,189.0,14169.3,7492.0,0,0,0
Weyerhaeuser,476,$7674MM,$839MM,9318,Materials,Seattle,Washington,no,no,yes,$26200.5MM,https://www.weyerhaeuser.com,WY,$16983MM,7674.0,839.0,26200.5,16983.0,0,0,0
Genworth Financial,477,$7488MM,$76MM,2700,Financials,Richmond,Virginia,no,no,yes,$2825.7MM,https://www.genworth.com,GNW,$90817MM,7488.0,76.0,2825.7,90817.0,0,0,0
CMS Energy,478,$7462MM,$887MM,8356,Energy,Jackson,Michigan,no,no,yes,$18018.6MM,https://www.cmsenergy.com,CMS,$33517MM,7462.0,887.0,18018.6,33517.0,0,0,0
Science Applications International,479,$7444MM,$477MM,24000,Technology,Reston,Virginia,no,yes,yes,$6734.4MM,https://www.saic.com,SAIC,$5314MM,7444.0,477.0,6734.4,5314.0,0,0,0
Jefferies Financial Group,480,$7441.4MM,$277.7MM,7564,Financials,New York,New York,no,no,yes,$9347.9MM,https://www.jefferies.com,JEF,$57905.2MM,7441.4,277.7,9347.9,57905.2,0,0,0
Bath & Body Works,481,$7429MM,$878MM,33069,Retailing,Columbus,Ohio,no,yes,yes,$11249.3MM,https://www.bbwinc.com,BBWI,$5463MM,7429.0,878.0,11249.3,5463.0,0,0,0
Electronic Arts,482,$7426MM,$802MM,13400,Media,Redwood City,California,no,no,yes,$35469.4MM,https://www.ea.com,EA,$13459MM,7426.0,802.0,35469.4,13459.0,0,0,0
Taylor Morrison Home,483,$7417.8MM,$768.9MM,2800,Engineering & Construction,Scottsdale,Arizona,no,yes,yes,$6616.7MM,https://www.taylormorrison.com,TMHC,$8672.1MM,7417.8,768.9,6616.7,8672.1,0,0,0
Zimmer Biomet Holdings,484,$7394.2MM,$1024MM,18000,Health Care,Warsaw,Indiana,no,no,yes,$27116.8MM,https://www.zimmerbiomet.com,ZBH,$21496.9MM,7394.2,1024.0,27116.8,21496.9,0,0,0
Clorox,485,$7389MM,$149MM,8700,Household Products,Oakland,California,no,yes,yes,$19001.9MM,https://www.thecloroxcompany.com,CLX,$5945MM,7389.0,149.0,19001.9,5945.0,0,0,0
Xylem,486,$7364MM,$609MM,23000,Industrials,Washington,District Of Columbia,no,no,yes,$31246.4MM,https://www.xylem.com,XYL,$16112MM,7364.0,609.0,31246.4,16112.0,0,0,0
Voya Financial,487,$7348MM,$625MM,9000,Financials,New York,New York,no,yes,yes,$7510.9MM,https://www.voya.com,VOYA,$157085MM,7348.0,625.0,7510.9,157085.0,0,0,0
Fastenal,488,$7346.7MM,$1155MM,20721,Wholesalers,Winona,Minnesota,no,no,yes,$44157MM,https://www.fastenal.com,FAST,$4462.9MM,7346.7,1155.0,44157.0,4462.9,0,0,0
Watsco,489,$7283.8MM,$536.3MM,7388,Wholesalers,Miami,Florida,no,no,yes,$17061.3MM,https://www.watsco.com,WSO,$3729.2MM,7283.8,536.3,17061.3,3729.2,0,0,0
Workday,490,$7259MM,$1381MM,18800,Technology,Pleasanton,California,no,no,yes,$72006MM,https://www.workday.com,WDAY,$16452MM,7259.0,1381.0,72006.0,16452.0,0,0,0
Old Republic International,491,$7258.3MM,$598.6MM,9200,Financials,Chicago,Illinois,no,no,yes,$8463.5MM,https://www.oldrepublic.com,ORI,$26501.4MM,7258.3,598.6,8463.5,26501.4,0,0,0
RPM International,492,$7256.4MM,$478.7MM,17274,Chemicals,Medina,Ohio,no,no,yes,$15329.3MM,https://www.rpminc.com,RPM,$6782MM,7256.4,478.7,15329.3,6782.0,0,0,0
UFP Industries,493,$7218.4MM,$514.3MM,15800,Materials,Grand Rapids,Michigan,no,no,yes,$7568.8MM,https://www.ufpi.com,UFPI,$4017.8MM,7218.4,514.3,7568.8,4017.8,0,0,0
Ameren,494,$7213MM,$1152MM,9372,Energy,St. Louis,Missouri,no,no,yes,$19711.1MM,https://www.ameren.com,AEE,$40830MM,7213.0,1152.0,19711.1,40830.0,0,0,0
Knight-Swift Transportation Hldgs.,495,$7141.8MM,$217.1MM,34550,Transportation,Phoenix,Arizona,no,no,yes,$8885.4MM,https://investor.knight-swift.com,KNX,$12870.8MM,7141.8,217.1,8885.4,12870.8,0,0,0
Monster Beverage,496,$7140MM,$1631MM,5629,"Food, Beverages & Tobacco",Corona,California,no,no,yes,$61688.9MM,https://www.monsterbevcorp.com,MNST,$9686.5MM,7140.0,1631.0,61688.9,9686.5,0,0,0
Intuitive Surgical,497,$7124.1MM,$1798MM,13676,Health Care,Sunnyvale,California,no,no,yes,$141456.9MM,https://www.intuitive.com,ISRG,$15441.5MM,7124.1,1798.0,141456.9,15441.5,0,0,0
Super Micro Computer,498,$7123.5MM,$640MM,5126,Technology,San Jose,California,yes,no,yes,$59137.7MM,https://www.supermicro.com,SMCI,$3674.7MM,7123.5,640.0,59137.7,3674.7,0,0,0
Concentrix,499,$7114.7MM,$313.8MM,440000,Technology,Newark,California,no,no,yes,$4342.2MM,https://www.concentrix.com,CNXC,$12491.8MM,7114.7,313.8,4342.2,12491.8,0,0,0
O-I Glass,500,$7105MM,$-103MM,23000,Materials,Perrysburg,Ohio,no,no,no,$2549.4MM,https://www.o-i.com,OI,$9669MM,7105.0,-103.0,2549.4,9669.0,0,0,0
